timestamp_utc,frame,pose_group,pose,attempt,source_path,raw_path,alpha_path,frame_path,contact_path,qa_json_path,prompt_path,decision,notes
2026-06-24T23:35:44.112344+00:00,00,idle,neutral low side-view stance facing right; all four feet visible; calm breathing start,1,/Users/kyota/.codex/generated_images/019efbfa-24d0-7aa0-8db4-d2447df97aa5/ig_046be7d54bab00bb016a3c693322d881919776e429b3205503.png,docs/art-source/one-frame-method-fullrun-20260625/macaroni-mouse/raw/frame-00-attempt-01-raw.png,docs/art-source/one-frame-method-fullrun-20260625/macaroni-mouse/alpha/frame-00-attempt-01-alpha.png,docs/art-source/one-frame-method-fullrun-20260625/macaroni-mouse/frames/frame-00.png,docs/art-source/one-frame-method-fullrun-20260625/macaroni-mouse/contacts/frame-00-attempt-01-contact.png,docs/art-source/one-frame-method-fullrun-20260625/macaroni-mouse/qa/frame-00-attempt-01-qa.json,docs/art-source/one-frame-method-fullrun-20260625/macaroni-mouse/prompts/frame-00-attempt-01.txt,accepted,first generated frame; mechanical pass
2026-06-24T23:42:31.195938+00:00,10,walk,slow walk phase alternate; rear foot pushes gently,1,/Users/kyota/.codex/generated_images/019efbfa-24d0-7aa0-8db4-d2447df97aa5/ig_0365dc882e1f54ea016a3c6b302ab081919d526b9b74dea4df.png,docs/art-source/one-frame-method-fullrun-20260625/macaroni-mouse/raw/frame-10-attempt-01-raw.png,docs/art-source/one-frame-method-fullrun-20260625/macaroni-mouse/alpha/frame-10-attempt-01-alpha.png,docs/art-source/one-frame-method-fullrun-20260625/macaroni-mouse/frames/frame-10.png,docs/art-source/one-frame-method-fullrun-20260625/macaroni-mouse/contacts/frame-10-attempt-01-contact.png,docs/art-source/one-frame-method-fullrun-20260625/macaroni-mouse/qa/frame-10-attempt-01-qa.json,docs/art-source/one-frame-method-fullrun-20260625/macaroni-mouse/prompts/frame-10-attempt-01.txt,accepted,mechanical pass; batch 01-10
2026-06-24T23:42:36.006585+00:00,09,walk,slow walk phase alternate; opposite forefoot reaches forward,1,/Users/kyota/.codex/generated_images/019efbfa-24d0-7aa0-8db4-d2447df97aa5/ig_0365dc882e1f54ea016a3c6b010ebc819191d0a913e004501c.png,docs/art-source/one-frame-method-fullrun-20260625/macaroni-mouse/raw/frame-09-attempt-01-raw.png,docs/art-source/one-frame-method-fullrun-20260625/macaroni-mouse/alpha/frame-09-attempt-01-alpha.png,docs/art-source/one-frame-method-fullrun-20260625/macaroni-mouse/frames/frame-09.png,docs/art-source/one-frame-method-fullrun-20260625/macaroni-mouse/contacts/frame-09-attempt-01-contact.png,docs/art-source/one-frame-method-fullrun-20260625/macaroni-mouse/qa/frame-09-attempt-01-qa.json,docs/art-source/one-frame-method-fullrun-20260625/macaroni-mouse/prompts/frame-09-attempt-01.txt,accepted,mechanical pass; batch 01-10
2026-06-24T23:42:41.104268+00:00,08,walk,slow walk phase alternate; front paw lifts small amount,1,/Users/kyota/.codex/generated_images/019efbfa-24d0-7aa0-8db4-d2447df97aa5/ig_0365dc882e1f54ea016a3c6ade8a2481918d9fba60dbb188d7.png,docs/art-source/one-frame-method-fullrun-20260625/macaroni-mouse/raw/frame-08-attempt-01-raw.png,docs/art-source/one-frame-method-fullrun-20260625/macaroni-mouse/alpha/frame-08-attempt-01-alpha.png,docs/art-source/one-frame-method-fullrun-20260625/macaroni-mouse/frames/frame-08.png,docs/art-source/one-frame-method-fullrun-20260625/macaroni-mouse/contacts/frame-08-attempt-01-contact.png,docs/art-source/one-frame-method-fullrun-20260625/macaroni-mouse/qa/frame-08-attempt-01-qa.json,docs/art-source/one-frame-method-fullrun-20260625/macaroni-mouse/prompts/frame-08-attempt-01.txt,accepted,mechanical pass; batch 01-10
2026-06-24T23:42:45.911140+00:00,07,walk,slow walk phase; rear paw contacts ground; tail balances low,1,/Users/kyota/.codex/generated_images/019efbfa-24d0-7aa0-8db4-d2447df97aa5/ig_0365dc882e1f54ea016a3c6ab6032c81919b941a12721a3e7f.png,docs/art-source/one-frame-method-fullrun-20260625/macaroni-mouse/raw/frame-07-attempt-01-raw.png,docs/art-source/one-frame-method-fullrun-20260625/macaroni-mouse/alpha/frame-07-attempt-01-alpha.png,docs/art-source/one-frame-method-fullrun-20260625/macaroni-mouse/frames/frame-07.png,docs/art-source/one-frame-method-fullrun-20260625/macaroni-mouse/contacts/frame-07-attempt-01-contact.png,docs/art-source/one-frame-method-fullrun-20260625/macaroni-mouse/qa/frame-07-attempt-01-qa.json,docs/art-source/one-frame-method-fullrun-20260625/macaroni-mouse/prompts/frame-07-attempt-01.txt,accepted,mechanical pass; batch 01-10
2026-06-24T23:42:51.349138+00:00,06,walk,slow walk phase; rear paw swings forward under body,1,/Users/kyota/.codex/generated_images/019efbfa-24d0-7aa0-8db4-d2447df97aa5/ig_0365dc882e1f54ea016a3c6a969dfc81919eb5ab957d101166.png,docs/art-source/one-frame-method-fullrun-20260625/macaroni-mouse/raw/frame-06-attempt-01-raw.png,docs/art-source/one-frame-method-fullrun-20260625/macaroni-mouse/alpha/frame-06-attempt-01-alpha.png,docs/art-source/one-frame-method-fullrun-20260625/macaroni-mouse/frames/frame-06.png,docs/art-source/one-frame-method-fullrun-20260625/macaroni-mouse/contacts/frame-06-attempt-01-contact.png,docs/art-source/one-frame-method-fullrun-20260625/macaroni-mouse/qa/frame-06-attempt-01-qa.json,docs/art-source/one-frame-method-fullrun-20260625/macaroni-mouse/prompts/frame-06-attempt-01.txt,accepted,mechanical pass; batch 01-10
2026-06-24T23:42:56.661627+00:00,05,walk,slow walk phase; front paw contacts ground; body moves slightly forward,1,/Users/kyota/.codex/generated_images/019efbfa-24d0-7aa0-8db4-d2447df97aa5/ig_0365dc882e1f54ea016a3c6a6c2bd0819181406edc94c3eed3.png,docs/art-source/one-frame-method-fullrun-20260625/macaroni-mouse/raw/frame-05-attempt-01-raw.png,docs/art-source/one-frame-method-fullrun-20260625/macaroni-mouse/alpha/frame-05-attempt-01-alpha.png,docs/art-source/one-frame-method-fullrun-20260625/macaroni-mouse/frames/frame-05.png,docs/art-source/one-frame-method-fullrun-20260625/macaroni-mouse/contacts/frame-05-attempt-01-contact.png,docs/art-source/one-frame-method-fullrun-20260625/macaroni-mouse/qa/frame-05-attempt-01-qa.json,docs/art-source/one-frame-method-fullrun-20260625/macaroni-mouse/prompts/frame-05-attempt-01.txt,accepted,mechanical pass; batch 01-10
2026-06-24T23:43:03.077733+00:00,04,walk,slow walk phase; front right paw reaches forward; rear foot planted,1,/Users/kyota/.codex/generated_images/019efbfa-24d0-7aa0-8db4-d2447df97aa5/ig_0365dc882e1f54ea016a3c6a45fc60819196b7dd018e4aaa3a.png,docs/art-source/one-frame-method-fullrun-20260625/macaroni-mouse/raw/frame-04-attempt-01-raw.png,docs/art-source/one-frame-method-fullrun-20260625/macaroni-mouse/alpha/frame-04-attempt-01-alpha.png,docs/art-source/one-frame-method-fullrun-20260625/macaroni-mouse/frames/frame-04.png,docs/art-source/one-frame-method-fullrun-20260625/macaroni-mouse/contacts/frame-04-attempt-01-contact.png,docs/art-source/one-frame-method-fullrun-20260625/macaroni-mouse/qa/frame-04-attempt-01-qa.json,docs/art-source/one-frame-method-fullrun-20260625/macaroni-mouse/prompts/frame-04-attempt-01.txt,accepted,mechanical pass; batch 01-10
2026-06-24T23:43:09.508741+00:00,03,idle,small whisker and ear attention shift; head still facing right,1,/Users/kyota/.codex/generated_images/019efbfa-24d0-7aa0-8db4-d2447df97aa5/ig_0365dc882e1f54ea016a3c6a23b3c88191a193a83a6c89d2b9.png,docs/art-source/one-frame-method-fullrun-20260625/macaroni-mouse/raw/frame-03-attempt-01-raw.png,docs/art-source/one-frame-method-fullrun-20260625/macaroni-mouse/alpha/frame-03-attempt-01-alpha.png,docs/art-source/one-frame-method-fullrun-20260625/macaroni-mouse/frames/frame-03.png,docs/art-source/one-frame-method-fullrun-20260625/macaroni-mouse/contacts/frame-03-attempt-01-contact.png,docs/art-source/one-frame-method-fullrun-20260625/macaroni-mouse/qa/frame-03-attempt-01-qa.json,docs/art-source/one-frame-method-fullrun-20260625/macaroni-mouse/prompts/frame-03-attempt-01.txt,accepted,mechanical pass; batch 01-10
2026-06-24T23:43:15.498144+00:00,02,idle,tiny exhale shift with body subtly lower; tail still short thick and visible,1,/Users/kyota/.codex/generated_images/019efbfa-24d0-7aa0-8db4-d2447df97aa5/ig_0365dc882e1f54ea016a3c69fdbf54819186d240b912d2a6d0.png,docs/art-source/one-frame-method-fullrun-20260625/macaroni-mouse/raw/frame-02-attempt-01-raw.png,docs/art-source/one-frame-method-fullrun-20260625/macaroni-mouse/alpha/frame-02-attempt-01-alpha.png,docs/art-source/one-frame-method-fullrun-20260625/macaroni-mouse/frames/frame-02.png,docs/art-source/one-frame-method-fullrun-20260625/macaroni-mouse/contacts/frame-02-attempt-01-contact.png,docs/art-source/one-frame-method-fullrun-20260625/macaroni-mouse/qa/frame-02-attempt-01-qa.json,docs/art-source/one-frame-method-fullrun-20260625/macaroni-mouse/prompts/frame-02-attempt-01.txt,accepted,mechanical pass; batch 01-10
2026-06-24T23:43:21.864371+00:00,01,idle,tiny inhale shift with chest slightly lifted; feet stay planted on same baseline,1,/Users/kyota/.codex/generated_images/019efbfa-24d0-7aa0-8db4-d2447df97aa5/ig_0365dc882e1f54ea016a3c69dae108819195bc515e6e671bf6.png,docs/art-source/one-frame-method-fullrun-20260625/macaroni-mouse/raw/frame-01-attempt-01-raw.png,docs/art-source/one-frame-method-fullrun-20260625/macaroni-mouse/alpha/frame-01-attempt-01-alpha.png,docs/art-source/one-frame-method-fullrun-20260625/macaroni-mouse/frames/frame-01.png,docs/art-source/one-frame-method-fullrun-20260625/macaroni-mouse/contacts/frame-01-attempt-01-contact.png,docs/art-source/one-frame-method-fullrun-20260625/macaroni-mouse/qa/frame-01-attempt-01-qa.json,docs/art-source/one-frame-method-fullrun-20260625/macaroni-mouse/prompts/frame-01-attempt-01.txt,accepted,mechanical pass; batch 01-10
2026-06-24T23:52:28.698400+00:00,20,sniff_nibble,nose down sniffing ground; forefeet planted; pointed nose visible,1,/Users/kyota/.codex/generated_images/019efbfa-24d0-7aa0-8db4-d2447df97aa5/ig_041b2c4745e688bd016a3c6d7e20b48191b90c47bc777ce116.png,docs/art-source/one-frame-method-fullrun-20260625/macaroni-mouse/raw/frame-20-attempt-01-raw.png,docs/art-source/one-frame-method-fullrun-20260625/macaroni-mouse/alpha/frame-20-attempt-01-alpha.png,docs/art-source/one-frame-method-fullrun-20260625/macaroni-mouse/frames/frame-20.png,docs/art-source/one-frame-method-fullrun-20260625/macaroni-mouse/contacts/frame-20-attempt-01-contact.png,docs/art-source/one-frame-method-fullrun-20260625/macaroni-mouse/qa/frame-20-attempt-01-qa.json,docs/art-source/one-frame-method-fullrun-20260625/macaroni-mouse/prompts/frame-20-attempt-01.txt,accepted,mechanical pass; batch 11-20
2026-06-24T23:52:32.559425+00:00,19,fast_scurry,fast low scurry recovery; returns to stable baseline,1,/Users/kyota/.codex/generated_images/019efbfa-24d0-7aa0-8db4-d2447df97aa5/ig_041b2c4745e688bd016a3c6d47e4c48191ad9580e98c6f7617.png,docs/art-source/one-frame-method-fullrun-20260625/macaroni-mouse/raw/frame-19-attempt-01-raw.png,docs/art-source/one-frame-method-fullrun-20260625/macaroni-mouse/alpha/frame-19-attempt-01-alpha.png,docs/art-source/one-frame-method-fullrun-20260625/macaroni-mouse/frames/frame-19.png,docs/art-source/one-frame-method-fullrun-20260625/macaroni-mouse/contacts/frame-19-attempt-01-contact.png,docs/art-source/one-frame-method-fullrun-20260625/macaroni-mouse/qa/frame-19-attempt-01-qa.json,docs/art-source/one-frame-method-fullrun-20260625/macaroni-mouse/prompts/frame-19-attempt-01.txt,accepted,mechanical pass; batch 11-20
2026-06-24T23:52:36.349679+00:00,18,fast_scurry,fast low scurry alternate; tiny forward lean with paws visible,1,/Users/kyota/.codex/generated_images/019efbfa-24d0-7aa0-8db4-d2447df97aa5/ig_041b2c4745e688bd016a3c6d1620ac8191b4f7eb3553907b65.png,docs/art-source/one-frame-method-fullrun-20260625/macaroni-mouse/raw/frame-18-attempt-01-raw.png,docs/art-source/one-frame-method-fullrun-20260625/macaroni-mouse/alpha/frame-18-attempt-01-alpha.png,docs/art-source/one-frame-method-fullrun-20260625/macaroni-mouse/frames/frame-18.png,docs/art-source/one-frame-method-fullrun-20260625/macaroni-mouse/contacts/frame-18-attempt-01-contact.png,docs/art-source/one-frame-method-fullrun-20260625/macaroni-mouse/qa/frame-18-attempt-01-qa.json,docs/art-source/one-frame-method-fullrun-20260625/macaroni-mouse/prompts/frame-18-attempt-01.txt,accepted,mechanical pass; batch 11-20
2026-06-24T23:52:40.201305+00:00,17,fast_scurry,fast low scurry alternate; rear feet tucked under body,1,/Users/kyota/.codex/generated_images/019efbfa-24d0-7aa0-8db4-d2447df97aa5/ig_041b2c4745e688bd016a3c6ce3ff808191ae48a2282784c0ec.png,docs/art-source/one-frame-method-fullrun-20260625/macaroni-mouse/raw/frame-17-attempt-01-raw.png,docs/art-source/one-frame-method-fullrun-20260625/macaroni-mouse/alpha/frame-17-attempt-01-alpha.png,docs/art-source/one-frame-method-fullrun-20260625/macaroni-mouse/frames/frame-17.png,docs/art-source/one-frame-method-fullrun-20260625/macaroni-mouse/contacts/frame-17-attempt-01-contact.png,docs/art-source/one-frame-method-fullrun-20260625/macaroni-mouse/qa/frame-17-attempt-01-qa.json,docs/art-source/one-frame-method-fullrun-20260625/macaroni-mouse/prompts/frame-17-attempt-01.txt,accepted,mechanical pass; batch 11-20
2026-06-24T23:52:44.204716+00:00,16,fast_scurry,fast low scurry alternate; body low and streamlined,1,/Users/kyota/.codex/generated_images/019efbfa-24d0-7aa0-8db4-d2447df97aa5/ig_041b2c4745e688bd016a3c6cb22a4881918df052e39aaac95f.png,docs/art-source/one-frame-method-fullrun-20260625/macaroni-mouse/raw/frame-16-attempt-01-raw.png,docs/art-source/one-frame-method-fullrun-20260625/macaroni-mouse/alpha/frame-16-attempt-01-alpha.png,docs/art-source/one-frame-method-fullrun-20260625/macaroni-mouse/frames/frame-16.png,docs/art-source/one-frame-method-fullrun-20260625/macaroni-mouse/contacts/frame-16-attempt-01-contact.png,docs/art-source/one-frame-method-fullrun-20260625/macaroni-mouse/qa/frame-16-attempt-01-qa.json,docs/art-source/one-frame-method-fullrun-20260625/macaroni-mouse/prompts/frame-16-attempt-01.txt,accepted,mechanical pass; batch 11-20
2026-06-24T23:52:48.900114+00:00,15,fast_scurry,fast low scurry phase; front feet touch down; tail thick and low,1,/Users/kyota/.codex/generated_images/019efbfa-24d0-7aa0-8db4-d2447df97aa5/ig_041b2c4745e688bd016a3c6c82ae688191a3a88fbf9f98d501.png,docs/art-source/one-frame-method-fullrun-20260625/macaroni-mouse/raw/frame-15-attempt-01-raw.png,docs/art-source/one-frame-method-fullrun-20260625/macaroni-mouse/alpha/frame-15-attempt-01-alpha.png,docs/art-source/one-frame-method-fullrun-20260625/macaroni-mouse/frames/frame-15.png,docs/art-source/one-frame-method-fullrun-20260625/macaroni-mouse/contacts/frame-15-attempt-01-contact.png,docs/art-source/one-frame-method-fullrun-20260625/macaroni-mouse/qa/frame-15-attempt-01-qa.json,docs/art-source/one-frame-method-fullrun-20260625/macaroni-mouse/prompts/frame-15-attempt-01.txt,accepted,mechanical pass; batch 11-20
2026-06-24T23:52:53.920162+00:00,14,fast_scurry,fast low scurry phase; rear feet push back; nose pointed forward,1,/Users/kyota/.codex/generated_images/019efbfa-24d0-7aa0-8db4-d2447df97aa5/ig_041b2c4745e688bd016a3c6c53ba908191909dce10c33b3a45.png,docs/art-source/one-frame-method-fullrun-20260625/macaroni-mouse/raw/frame-14-attempt-01-raw.png,docs/art-source/one-frame-method-fullrun-20260625/macaroni-mouse/alpha/frame-14-attempt-01-alpha.png,docs/art-source/one-frame-method-fullrun-20260625/macaroni-mouse/frames/frame-14.png,docs/art-source/one-frame-method-fullrun-20260625/macaroni-mouse/contacts/frame-14-attempt-01-contact.png,docs/art-source/one-frame-method-fullrun-20260625/macaroni-mouse/qa/frame-14-attempt-01-qa.json,docs/art-source/one-frame-method-fullrun-20260625/macaroni-mouse/prompts/frame-14-attempt-01.txt,accepted,mechanical pass; batch 11-20
2026-06-24T23:53:00.065946+00:00,13,fast_scurry,fast low scurry phase; compact body gathered under shoulders,1,/Users/kyota/.codex/generated_images/019efbfa-24d0-7aa0-8db4-d2447df97aa5/ig_041b2c4745e688bd016a3c6c2744248191921c34f2efcdf7a4.png,docs/art-source/one-frame-method-fullrun-20260625/macaroni-mouse/raw/frame-13-attempt-01-raw.png,docs/art-source/one-frame-method-fullrun-20260625/macaroni-mouse/alpha/frame-13-attempt-01-alpha.png,docs/art-source/one-frame-method-fullrun-20260625/macaroni-mouse/frames/frame-13.png,docs/art-source/one-frame-method-fullrun-20260625/macaroni-mouse/contacts/frame-13-attempt-01-contact.png,docs/art-source/one-frame-method-fullrun-20260625/macaroni-mouse/qa/frame-13-attempt-01-qa.json,docs/art-source/one-frame-method-fullrun-20260625/macaroni-mouse/prompts/frame-13-attempt-01.txt,accepted,mechanical pass; batch 11-20
2026-06-24T23:53:04.488236+00:00,12,fast_scurry,fast low scurry phase; body stretched slightly longer; front paw extended,1,/Users/kyota/.codex/generated_images/019efbfa-24d0-7aa0-8db4-d2447df97aa5/ig_041b2c4745e688bd016a3c6bfb5594819181c8a138aff25b87.png,docs/art-source/one-frame-method-fullrun-20260625/macaroni-mouse/raw/frame-12-attempt-01-raw.png,docs/art-source/one-frame-method-fullrun-20260625/macaroni-mouse/alpha/frame-12-attempt-01-alpha.png,docs/art-source/one-frame-method-fullrun-20260625/macaroni-mouse/frames/frame-12.png,docs/art-source/one-frame-method-fullrun-20260625/macaroni-mouse/contacts/frame-12-attempt-01-contact.png,docs/art-source/one-frame-method-fullrun-20260625/macaroni-mouse/qa/frame-12-attempt-01-qa.json,docs/art-source/one-frame-method-fullrun-20260625/macaroni-mouse/prompts/frame-12-attempt-01.txt,accepted,mechanical pass; batch 11-20
2026-06-24T23:53:08.816249+00:00,11,walk,slow walk return to neutral stride; all feet readable,1,/Users/kyota/.codex/generated_images/019efbfa-24d0-7aa0-8db4-d2447df97aa5/ig_041b2c4745e688bd016a3c6bd1f758819199b378bdc10e5d13.png,docs/art-source/one-frame-method-fullrun-20260625/macaroni-mouse/raw/frame-11-attempt-01-raw.png,docs/art-source/one-frame-method-fullrun-20260625/macaroni-mouse/alpha/frame-11-attempt-01-alpha.png,docs/art-source/one-frame-method-fullrun-20260625/macaroni-mouse/frames/frame-11.png,docs/art-source/one-frame-method-fullrun-20260625/macaroni-mouse/contacts/frame-11-attempt-01-contact.png,docs/art-source/one-frame-method-fullrun-20260625/macaroni-mouse/qa/frame-11-attempt-01-qa.json,docs/art-source/one-frame-method-fullrun-20260625/macaroni-mouse/prompts/frame-11-attempt-01.txt,accepted,mechanical pass; batch 11-20
2026-06-25T00:04:13.320849+00:00,31,paw_action,paw returns to ground; stable side stance,1,/Users/kyota/.codex/generated_images/019efbfa-24d0-7aa0-8db4-d2447df97aa5/ig_0a71ac0f23719a4d016a3c703f40908191a677893d7f577286.png,docs/art-source/one-frame-method-fullrun-20260625/macaroni-mouse/raw/frame-31-attempt-01-raw.png,docs/art-source/one-frame-method-fullrun-20260625/macaroni-mouse/alpha/frame-31-attempt-01-alpha.png,docs/art-source/one-frame-method-fullrun-20260625/macaroni-mouse/frames/frame-31.png,docs/art-source/one-frame-method-fullrun-20260625/macaroni-mouse/contacts/frame-31-attempt-01-contact.png,docs/art-source/one-frame-method-fullrun-20260625/macaroni-mouse/qa/frame-31-attempt-01-qa.json,docs/art-source/one-frame-method-fullrun-20260625/macaroni-mouse/prompts/frame-31-attempt-01.txt,accepted,mechanical pass; batch 21-31
2026-06-25T00:04:17.251763+00:00,30,paw_action,front paw brushes muzzle briefly; not full groom,1,/Users/kyota/.codex/generated_images/019efbfa-24d0-7aa0-8db4-d2447df97aa5/ig_0a71ac0f23719a4d016a3c6ffeb2448191b7efa289a89bd151.png,docs/art-source/one-frame-method-fullrun-20260625/macaroni-mouse/raw/frame-30-attempt-01-raw.png,docs/art-source/one-frame-method-fullrun-20260625/macaroni-mouse/alpha/frame-30-attempt-01-alpha.png,docs/art-source/one-frame-method-fullrun-20260625/macaroni-mouse/frames/frame-30.png,docs/art-source/one-frame-method-fullrun-20260625/macaroni-mouse/contacts/frame-30-attempt-01-contact.png,docs/art-source/one-frame-method-fullrun-20260625/macaroni-mouse/qa/frame-30-attempt-01-qa.json,docs/art-source/one-frame-method-fullrun-20260625/macaroni-mouse/prompts/frame-30-attempt-01.txt,accepted,mechanical pass; batch 21-31
2026-06-25T00:04:21.984698+00:00,29,paw_action,small body weight shift over forefeet; no prop,1,/Users/kyota/.codex/generated_images/019efbfa-24d0-7aa0-8db4-d2447df97aa5/ig_0a71ac0f23719a4d016a3c6fc1dc4c8191a84113f846944885.png,docs/art-source/one-frame-method-fullrun-20260625/macaroni-mouse/raw/frame-29-attempt-01-raw.png,docs/art-source/one-frame-method-fullrun-20260625/macaroni-mouse/alpha/frame-29-attempt-01-alpha.png,docs/art-source/one-frame-method-fullrun-20260625/macaroni-mouse/frames/frame-29.png,docs/art-source/one-frame-method-fullrun-20260625/macaroni-mouse/contacts/frame-29-attempt-01-contact.png,docs/art-source/one-frame-method-fullrun-20260625/macaroni-mouse/qa/frame-29-attempt-01-qa.json,docs/art-source/one-frame-method-fullrun-20260625/macaroni-mouse/prompts/frame-29-attempt-01.txt,accepted,mechanical pass; batch 21-31
2026-06-25T00:04:26.468153+00:00,28,paw_action,front paw retracts; shoulders slightly lifted,1,/Users/kyota/.codex/generated_images/019efbfa-24d0-7aa0-8db4-d2447df97aa5/ig_0a71ac0f23719a4d016a3c6f8a08d081918265347a71d79262.png,docs/art-source/one-frame-method-fullrun-20260625/macaroni-mouse/raw/frame-28-attempt-01-raw.png,docs/art-source/one-frame-method-fullrun-20260625/macaroni-mouse/alpha/frame-28-attempt-01-alpha.png,docs/art-source/one-frame-method-fullrun-20260625/macaroni-mouse/frames/frame-28.png,docs/art-source/one-frame-method-fullrun-20260625/macaroni-mouse/contacts/frame-28-attempt-01-contact.png,docs/art-source/one-frame-method-fullrun-20260625/macaroni-mouse/qa/frame-28-attempt-01-qa.json,docs/art-source/one-frame-method-fullrun-20260625/macaroni-mouse/prompts/frame-28-attempt-01.txt,accepted,mechanical pass; batch 21-31
2026-06-25T00:04:30.575700+00:00,27,paw_action,front paw reaches forward lightly as if tapping ground,1,/Users/kyota/.codex/generated_images/019efbfa-24d0-7aa0-8db4-d2447df97aa5/ig_0a71ac0f23719a4d016a3c6f4e3b708191990420051cbcb902.png,docs/art-source/one-frame-method-fullrun-20260625/macaroni-mouse/raw/frame-27-attempt-01-raw.png,docs/art-source/one-frame-method-fullrun-20260625/macaroni-mouse/alpha/frame-27-attempt-01-alpha.png,docs/art-source/one-frame-method-fullrun-20260625/macaroni-mouse/frames/frame-27.png,docs/art-source/one-frame-method-fullrun-20260625/macaroni-mouse/contacts/frame-27-attempt-01-contact.png,docs/art-source/one-frame-method-fullrun-20260625/macaroni-mouse/qa/frame-27-attempt-01-qa.json,docs/art-source/one-frame-method-fullrun-20260625/macaroni-mouse/prompts/frame-27-attempt-01.txt,accepted,mechanical pass; batch 21-31
2026-06-25T00:04:35.060671+00:00,26,paw_action,one front paw raised near chest; other feet grounded,1,/Users/kyota/.codex/generated_images/019efbfa-24d0-7aa0-8db4-d2447df97aa5/ig_0a71ac0f23719a4d016a3c6f0c11c48191bb8aa97edeaa389e.png,docs/art-source/one-frame-method-fullrun-20260625/macaroni-mouse/raw/frame-26-attempt-01-raw.png,docs/art-source/one-frame-method-fullrun-20260625/macaroni-mouse/alpha/frame-26-attempt-01-alpha.png,docs/art-source/one-frame-method-fullrun-20260625/macaroni-mouse/frames/frame-26.png,docs/art-source/one-frame-method-fullrun-20260625/macaroni-mouse/contacts/frame-26-attempt-01-contact.png,docs/art-source/one-frame-method-fullrun-20260625/macaroni-mouse/qa/frame-26-attempt-01-qa.json,docs/art-source/one-frame-method-fullrun-20260625/macaroni-mouse/prompts/frame-26-attempt-01.txt,accepted,mechanical pass; batch 21-31
2026-06-25T00:04:39.456930+00:00,25,sniff_nibble,nibble recovery with head halfway up; tail remains visible,1,/Users/kyota/.codex/generated_images/019efbfa-24d0-7aa0-8db4-d2447df97aa5/ig_0a71ac0f23719a4d016a3c6edb287881918f7ab297f56ed04f.png,docs/art-source/one-frame-method-fullrun-20260625/macaroni-mouse/raw/frame-25-attempt-01-raw.png,docs/art-source/one-frame-method-fullrun-20260625/macaroni-mouse/alpha/frame-25-attempt-01-alpha.png,docs/art-source/one-frame-method-fullrun-20260625/macaroni-mouse/frames/frame-25.png,docs/art-source/one-frame-method-fullrun-20260625/macaroni-mouse/contacts/frame-25-attempt-01-contact.png,docs/art-source/one-frame-method-fullrun-20260625/macaroni-mouse/qa/frame-25-attempt-01-qa.json,docs/art-source/one-frame-method-fullrun-20260625/macaroni-mouse/prompts/frame-25-attempt-01.txt,accepted,mechanical pass; batch 21-31
2026-06-25T00:04:44.159204+00:00,24,sniff_nibble,head lifts slightly from nibble; front paws close together,1,/Users/kyota/.codex/generated_images/019efbfa-24d0-7aa0-8db4-d2447df97aa5/ig_0a71ac0f23719a4d016a3c6ea478388191b9da1293eb070660.png,docs/art-source/one-frame-method-fullrun-20260625/macaroni-mouse/raw/frame-24-attempt-01-raw.png,docs/art-source/one-frame-method-fullrun-20260625/macaroni-mouse/alpha/frame-24-attempt-01-alpha.png,docs/art-source/one-frame-method-fullrun-20260625/macaroni-mouse/frames/frame-24.png,docs/art-source/one-frame-method-fullrun-20260625/macaroni-mouse/contacts/frame-24-attempt-01-contact.png,docs/art-source/one-frame-method-fullrun-20260625/macaroni-mouse/qa/frame-24-attempt-01-qa.json,docs/art-source/one-frame-method-fullrun-20260625/macaroni-mouse/prompts/frame-24-attempt-01.txt,accepted,mechanical pass; batch 21-31
2026-06-25T00:04:48.601193+00:00,23,sniff_nibble,compact nibble with head tucked; pale belly visible,1,/Users/kyota/.codex/generated_images/019efbfa-24d0-7aa0-8db4-d2447df97aa5/ig_0a71ac0f23719a4d016a3c6e6f44148191a1f88a4dff9ff6cf.png,docs/art-source/one-frame-method-fullrun-20260625/macaroni-mouse/raw/frame-23-attempt-01-raw.png,docs/art-source/one-frame-method-fullrun-20260625/macaroni-mouse/alpha/frame-23-attempt-01-alpha.png,docs/art-source/one-frame-method-fullrun-20260625/macaroni-mouse/frames/frame-23.png,docs/art-source/one-frame-method-fullrun-20260625/macaroni-mouse/contacts/frame-23-attempt-01-contact.png,docs/art-source/one-frame-method-fullrun-20260625/macaroni-mouse/qa/frame-23-attempt-01-qa.json,docs/art-source/one-frame-method-fullrun-20260625/macaroni-mouse/prompts/frame-23-attempt-01.txt,accepted,mechanical pass; batch 21-31
2026-06-25T00:04:52.953618+00:00,22,sniff_nibble,small nibble posture with mouth near forepaws; no food prop,1,/Users/kyota/.codex/generated_images/019efbfa-24d0-7aa0-8db4-d2447df97aa5/ig_0a71ac0f23719a4d016a3c6e3155ec8191ac2583de356cca1f.png,docs/art-source/one-frame-method-fullrun-20260625/macaroni-mouse/raw/frame-22-attempt-01-raw.png,docs/art-source/one-frame-method-fullrun-20260625/macaroni-mouse/alpha/frame-22-attempt-01-alpha.png,docs/art-source/one-frame-method-fullrun-20260625/macaroni-mouse/frames/frame-22.png,docs/art-source/one-frame-method-fullrun-20260625/macaroni-mouse/contacts/frame-22-attempt-01-contact.png,docs/art-source/one-frame-method-fullrun-20260625/macaroni-mouse/qa/frame-22-attempt-01-qa.json,docs/art-source/one-frame-method-fullrun-20260625/macaroni-mouse/prompts/frame-22-attempt-01.txt,accepted,mechanical pass; batch 21-31
2026-06-25T00:04:57.804079+00:00,21,sniff_nibble,nose slightly lower and forward; whiskers angled down,1,/Users/kyota/.codex/generated_images/019efbfa-24d0-7aa0-8db4-d2447df97aa5/ig_0a71ac0f23719a4d016a3c6e05361081919894279b81227658.png,docs/art-source/one-frame-method-fullrun-20260625/macaroni-mouse/raw/frame-21-attempt-01-raw.png,docs/art-source/one-frame-method-fullrun-20260625/macaroni-mouse/alpha/frame-21-attempt-01-alpha.png,docs/art-source/one-frame-method-fullrun-20260625/macaroni-mouse/frames/frame-21.png,docs/art-source/one-frame-method-fullrun-20260625/macaroni-mouse/contacts/frame-21-attempt-01-contact.png,docs/art-source/one-frame-method-fullrun-20260625/macaroni-mouse/qa/frame-21-attempt-01-qa.json,docs/art-source/one-frame-method-fullrun-20260625/macaroni-mouse/prompts/frame-21-attempt-01.txt,accepted,mechanical pass; batch 21-31
2026-06-25T00:17:33.585535+00:00,41,chew,chew phase with cheek not inflated; avoid hamster pouch look,1,/Users/kyota/.codex/generated_images/019efbfa-24d0-7aa0-8db4-d2447df97aa5/ig_0488932f244ff0df016a3c7355575c81919512d55837ce2f55.png,docs/art-source/one-frame-method-fullrun-20260625/macaroni-mouse/raw/frame-41-attempt-01-raw.png,docs/art-source/one-frame-method-fullrun-20260625/macaroni-mouse/alpha/frame-41-attempt-01-alpha.png,docs/art-source/one-frame-method-fullrun-20260625/macaroni-mouse/frames/frame-41.png,docs/art-source/one-frame-method-fullrun-20260625/macaroni-mouse/contacts/frame-41-attempt-01-contact.png,docs/art-source/one-frame-method-fullrun-20260625/macaroni-mouse/qa/frame-41-attempt-01-qa.json,docs/art-source/one-frame-method-fullrun-20260625/macaroni-mouse/prompts/frame-41-attempt-01.txt,accepted,mechanical pass; batch 32-41
2026-06-25T00:17:37.727014+00:00,40,chew,small chew motion; head slightly bobbed; mouth closed around invisible bite,1,/Users/kyota/.codex/generated_images/019efbfa-24d0-7aa0-8db4-d2447df97aa5/ig_0488932f244ff0df016a3c731491448191a42112ac6e2241d1.png,docs/art-source/one-frame-method-fullrun-20260625/macaroni-mouse/raw/frame-40-attempt-01-raw.png,docs/art-source/one-frame-method-fullrun-20260625/macaroni-mouse/alpha/frame-40-attempt-01-alpha.png,docs/art-source/one-frame-method-fullrun-20260625/macaroni-mouse/frames/frame-40.png,docs/art-source/one-frame-method-fullrun-20260625/macaroni-mouse/contacts/frame-40-attempt-01-contact.png,docs/art-source/one-frame-method-fullrun-20260625/macaroni-mouse/qa/frame-40-attempt-01-qa.json,docs/art-source/one-frame-method-fullrun-20260625/macaroni-mouse/prompts/frame-40-attempt-01.txt,accepted,mechanical pass; batch 32-41
2026-06-25T00:17:41.830507+00:00,39,turn,right-facing turn completion; neutral scale and baseline,1,/Users/kyota/.codex/generated_images/019efbfa-24d0-7aa0-8db4-d2447df97aa5/ig_0488932f244ff0df016a3c72e3b8508191b7538a08eebbd188.png,docs/art-source/one-frame-method-fullrun-20260625/macaroni-mouse/raw/frame-39-attempt-01-raw.png,docs/art-source/one-frame-method-fullrun-20260625/macaroni-mouse/alpha/frame-39-attempt-01-alpha.png,docs/art-source/one-frame-method-fullrun-20260625/macaroni-mouse/frames/frame-39.png,docs/art-source/one-frame-method-fullrun-20260625/macaroni-mouse/contacts/frame-39-attempt-01-contact.png,docs/art-source/one-frame-method-fullrun-20260625/macaroni-mouse/qa/frame-39-attempt-01-qa.json,docs/art-source/one-frame-method-fullrun-20260625/macaroni-mouse/prompts/frame-39-attempt-01.txt,accepted,mechanical pass; batch 32-41
2026-06-25T00:17:46.229192+00:00,38,turn,almost right-facing again; body aligns with baseline,1,/Users/kyota/.codex/generated_images/019efbfa-24d0-7aa0-8db4-d2447df97aa5/ig_0488932f244ff0df016a3c729a56a08191ad2669ee20a98ee2.png,docs/art-source/one-frame-method-fullrun-20260625/macaroni-mouse/raw/frame-38-attempt-01-raw.png,docs/art-source/one-frame-method-fullrun-20260625/macaroni-mouse/alpha/frame-38-attempt-01-alpha.png,docs/art-source/one-frame-method-fullrun-20260625/macaroni-mouse/frames/frame-38.png,docs/art-source/one-frame-method-fullrun-20260625/macaroni-mouse/contacts/frame-38-attempt-01-contact.png,docs/art-source/one-frame-method-fullrun-20260625/macaroni-mouse/qa/frame-38-attempt-01-qa.json,docs/art-source/one-frame-method-fullrun-20260625/macaroni-mouse/prompts/frame-38-attempt-01.txt,accepted,mechanical pass; batch 32-41
2026-06-25T00:17:51.283266+00:00,37,turn,three-quarter return; head rotating back to right,1,/Users/kyota/.codex/generated_images/019efbfa-24d0-7aa0-8db4-d2447df97aa5/ig_0488932f244ff0df016a3c72694c8c81919e2112b4e1a9dc46.png,docs/art-source/one-frame-method-fullrun-20260625/macaroni-mouse/raw/frame-37-attempt-01-raw.png,docs/art-source/one-frame-method-fullrun-20260625/macaroni-mouse/alpha/frame-37-attempt-01-alpha.png,docs/art-source/one-frame-method-fullrun-20260625/macaroni-mouse/frames/frame-37.png,docs/art-source/one-frame-method-fullrun-20260625/macaroni-mouse/contacts/frame-37-attempt-01-contact.png,docs/art-source/one-frame-method-fullrun-20260625/macaroni-mouse/qa/frame-37-attempt-01-qa.json,docs/art-source/one-frame-method-fullrun-20260625/macaroni-mouse/prompts/frame-37-attempt-01.txt,accepted,mechanical pass; batch 32-41
2026-06-25T00:17:55.641525+00:00,36,turn,left-facing side silhouette during turn; short thick tail still visible,1,/Users/kyota/.codex/generated_images/019efbfa-24d0-7aa0-8db4-d2447df97aa5/ig_0488932f244ff0df016a3c722c0d64819197729acae5f25714.png,docs/art-source/one-frame-method-fullrun-20260625/macaroni-mouse/raw/frame-36-attempt-01-raw.png,docs/art-source/one-frame-method-fullrun-20260625/macaroni-mouse/alpha/frame-36-attempt-01-alpha.png,docs/art-source/one-frame-method-fullrun-20260625/macaroni-mouse/frames/frame-36.png,docs/art-source/one-frame-method-fullrun-20260625/macaroni-mouse/contacts/frame-36-attempt-01-contact.png,docs/art-source/one-frame-method-fullrun-20260625/macaroni-mouse/qa/frame-36-attempt-01-qa.json,docs/art-source/one-frame-method-fullrun-20260625/macaroni-mouse/prompts/frame-36-attempt-01.txt,accepted,mechanical pass; batch 32-41
2026-06-25T00:18:01.024707+00:00,35,turn,three-quarter view facing left direction briefly; feet grounded,1,/Users/kyota/.codex/generated_images/019efbfa-24d0-7aa0-8db4-d2447df97aa5/ig_0488932f244ff0df016a3c71ef34588191a047fe8c13e27f7e.png,docs/art-source/one-frame-method-fullrun-20260625/macaroni-mouse/raw/frame-35-attempt-01-raw.png,docs/art-source/one-frame-method-fullrun-20260625/macaroni-mouse/alpha/frame-35-attempt-01-alpha.png,docs/art-source/one-frame-method-fullrun-20260625/macaroni-mouse/frames/frame-35.png,docs/art-source/one-frame-method-fullrun-20260625/macaroni-mouse/contacts/frame-35-attempt-01-contact.png,docs/art-source/one-frame-method-fullrun-20260625/macaroni-mouse/qa/frame-35-attempt-01-qa.json,docs/art-source/one-frame-method-fullrun-20260625/macaroni-mouse/prompts/frame-35-attempt-01.txt,accepted,mechanical pass; batch 32-41
2026-06-25T00:18:07.942779+00:00,34,turn,near front-facing pivot; both ears visible; no standing upright,1,/Users/kyota/.codex/generated_images/019efbfa-24d0-7aa0-8db4-d2447df97aa5/ig_0488932f244ff0df016a3c71c3be888191bfcd60889b061730.png,docs/art-source/one-frame-method-fullrun-20260625/macaroni-mouse/raw/frame-34-attempt-01-raw.png,docs/art-source/one-frame-method-fullrun-20260625/macaroni-mouse/alpha/frame-34-attempt-01-alpha.png,docs/art-source/one-frame-method-fullrun-20260625/macaroni-mouse/frames/frame-34.png,docs/art-source/one-frame-method-fullrun-20260625/macaroni-mouse/contacts/frame-34-attempt-01-contact.png,docs/art-source/one-frame-method-fullrun-20260625/macaroni-mouse/qa/frame-34-attempt-01-qa.json,docs/art-source/one-frame-method-fullrun-20260625/macaroni-mouse/prompts/frame-34-attempt-01.txt,accepted,mechanical pass; batch 32-41
2026-06-25T00:18:13.112109+00:00,33,turn,three-quarter view; body still compact; tail thick visible behind,1,/Users/kyota/.codex/generated_images/019efbfa-24d0-7aa0-8db4-d2447df97aa5/ig_0488932f244ff0df016a3c7190e06881919992de9c392bec9d.png,docs/art-source/one-frame-method-fullrun-20260625/macaroni-mouse/raw/frame-33-attempt-01-raw.png,docs/art-source/one-frame-method-fullrun-20260625/macaroni-mouse/alpha/frame-33-attempt-01-alpha.png,docs/art-source/one-frame-method-fullrun-20260625/macaroni-mouse/frames/frame-33.png,docs/art-source/one-frame-method-fullrun-20260625/macaroni-mouse/contacts/frame-33-attempt-01-contact.png,docs/art-source/one-frame-method-fullrun-20260625/macaroni-mouse/qa/frame-33-attempt-01-qa.json,docs/art-source/one-frame-method-fullrun-20260625/macaroni-mouse/prompts/frame-33-attempt-01.txt,accepted,mechanical pass; batch 32-41
2026-06-25T00:18:19.224583+00:00,32,turn,turn anticipation facing right; head begins rotating toward viewer,1,/Users/kyota/.codex/generated_images/019efbfa-24d0-7aa0-8db4-d2447df97aa5/ig_0488932f244ff0df016a3c7154162c81918c9d859432b3b949.png,docs/art-source/one-frame-method-fullrun-20260625/macaroni-mouse/raw/frame-32-attempt-01-raw.png,docs/art-source/one-frame-method-fullrun-20260625/macaroni-mouse/alpha/frame-32-attempt-01-alpha.png,docs/art-source/one-frame-method-fullrun-20260625/macaroni-mouse/frames/frame-32.png,docs/art-source/one-frame-method-fullrun-20260625/macaroni-mouse/contacts/frame-32-attempt-01-contact.png,docs/art-source/one-frame-method-fullrun-20260625/macaroni-mouse/qa/frame-32-attempt-01-qa.json,docs/art-source/one-frame-method-fullrun-20260625/macaroni-mouse/prompts/frame-32-attempt-01.txt,accepted,mechanical pass; batch 32-41
2026-06-25T00:30:59.961944+00:00,51,alert_rest,alert rest relax; returns toward neutral,1,/Users/kyota/.codex/generated_images/019efbfa-24d0-7aa0-8db4-d2447df97aa5/ig_065b3ee50a770cfa016a3c76750c548191bcc41fb40abc6fa6.png,docs/art-source/one-frame-method-fullrun-20260625/macaroni-mouse/raw/frame-51-attempt-01-raw.png,docs/art-source/one-frame-method-fullrun-20260625/macaroni-mouse/alpha/frame-51-attempt-01-alpha.png,docs/art-source/one-frame-method-fullrun-20260625/macaroni-mouse/frames/frame-51.png,docs/art-source/one-frame-method-fullrun-20260625/macaroni-mouse/contacts/frame-51-attempt-01-contact.png,docs/art-source/one-frame-method-fullrun-20260625/macaroni-mouse/qa/frame-51-attempt-01-qa.json,docs/art-source/one-frame-method-fullrun-20260625/macaroni-mouse/prompts/frame-51-attempt-01.txt,accepted,mechanical pass; batch 42-51
2026-06-25T00:31:04.920115+00:00,50,alert_rest,alert rest listening; one ear angled slightly back,1,/Users/kyota/.codex/generated_images/019efbfa-24d0-7aa0-8db4-d2447df97aa5/ig_065b3ee50a770cfa016a3c76261cd8819188f128cef0df4b51.png,docs/art-source/one-frame-method-fullrun-20260625/macaroni-mouse/raw/frame-50-attempt-01-raw.png,docs/art-source/one-frame-method-fullrun-20260625/macaroni-mouse/alpha/frame-50-attempt-01-alpha.png,docs/art-source/one-frame-method-fullrun-20260625/macaroni-mouse/frames/frame-50.png,docs/art-source/one-frame-method-fullrun-20260625/macaroni-mouse/contacts/frame-50-attempt-01-contact.png,docs/art-source/one-frame-method-fullrun-20260625/macaroni-mouse/qa/frame-50-attempt-01-qa.json,docs/art-source/one-frame-method-fullrun-20260625/macaroni-mouse/prompts/frame-50-attempt-01.txt,accepted,mechanical pass; batch 42-51
2026-06-25T00:31:09.964658+00:00,49,alert_rest,alert rest head lifted; black eye prominent,1,/Users/kyota/.codex/generated_images/019efbfa-24d0-7aa0-8db4-d2447df97aa5/ig_065b3ee50a770cfa016a3c75e294348191afcd1da95817ba6e.png,docs/art-source/one-frame-method-fullrun-20260625/macaroni-mouse/raw/frame-49-attempt-01-raw.png,docs/art-source/one-frame-method-fullrun-20260625/macaroni-mouse/alpha/frame-49-attempt-01-alpha.png,docs/art-source/one-frame-method-fullrun-20260625/macaroni-mouse/frames/frame-49.png,docs/art-source/one-frame-method-fullrun-20260625/macaroni-mouse/contacts/frame-49-attempt-01-contact.png,docs/art-source/one-frame-method-fullrun-20260625/macaroni-mouse/qa/frame-49-attempt-01-qa.json,docs/art-source/one-frame-method-fullrun-20260625/macaroni-mouse/prompts/frame-49-attempt-01.txt,accepted,mechanical pass; batch 42-51
2026-06-25T00:31:14.916855+00:00,48,alert_rest,alert rest crouch; ears perked; body still low,1,/Users/kyota/.codex/generated_images/019efbfa-24d0-7aa0-8db4-d2447df97aa5/ig_065b3ee50a770cfa016a3c75a2d9b881918bdd30cf88978447.png,docs/art-source/one-frame-method-fullrun-20260625/macaroni-mouse/raw/frame-48-attempt-01-raw.png,docs/art-source/one-frame-method-fullrun-20260625/macaroni-mouse/alpha/frame-48-attempt-01-alpha.png,docs/art-source/one-frame-method-fullrun-20260625/macaroni-mouse/frames/frame-48.png,docs/art-source/one-frame-method-fullrun-20260625/macaroni-mouse/contacts/frame-48-attempt-01-contact.png,docs/art-source/one-frame-method-fullrun-20260625/macaroni-mouse/qa/frame-48-attempt-01-qa.json,docs/art-source/one-frame-method-fullrun-20260625/macaroni-mouse/prompts/frame-48-attempt-01.txt,accepted,mechanical pass; batch 42-51
2026-06-25T00:31:19.846095+00:00,47,ground_check,ground check recovery; head rises to normal,1,/Users/kyota/.codex/generated_images/019efbfa-24d0-7aa0-8db4-d2447df97aa5/ig_065b3ee50a770cfa016a3c755c751c8191a1a35063fd9ee790.png,docs/art-source/one-frame-method-fullrun-20260625/macaroni-mouse/raw/frame-47-attempt-01-raw.png,docs/art-source/one-frame-method-fullrun-20260625/macaroni-mouse/alpha/frame-47-attempt-01-alpha.png,docs/art-source/one-frame-method-fullrun-20260625/macaroni-mouse/frames/frame-47.png,docs/art-source/one-frame-method-fullrun-20260625/macaroni-mouse/contacts/frame-47-attempt-01-contact.png,docs/art-source/one-frame-method-fullrun-20260625/macaroni-mouse/qa/frame-47-attempt-01-qa.json,docs/art-source/one-frame-method-fullrun-20260625/macaroni-mouse/prompts/frame-47-attempt-01.txt,accepted,mechanical pass; batch 42-51
2026-06-25T00:31:24.598149+00:00,46,ground_check,ground check sweep back; body low but complete,1,/Users/kyota/.codex/generated_images/019efbfa-24d0-7aa0-8db4-d2447df97aa5/ig_065b3ee50a770cfa016a3c751516b48191a49e8403eecb5485.png,docs/art-source/one-frame-method-fullrun-20260625/macaroni-mouse/raw/frame-46-attempt-01-raw.png,docs/art-source/one-frame-method-fullrun-20260625/macaroni-mouse/alpha/frame-46-attempt-01-alpha.png,docs/art-source/one-frame-method-fullrun-20260625/macaroni-mouse/frames/frame-46.png,docs/art-source/one-frame-method-fullrun-20260625/macaroni-mouse/contacts/frame-46-attempt-01-contact.png,docs/art-source/one-frame-method-fullrun-20260625/macaroni-mouse/qa/frame-46-attempt-01-qa.json,docs/art-source/one-frame-method-fullrun-20260625/macaroni-mouse/prompts/frame-46-attempt-01.txt,accepted,mechanical pass; batch 42-51
2026-06-25T00:31:29.852517+00:00,45,ground_check,ground check sweep forward; pointed nose and whiskers readable,1,/Users/kyota/.codex/generated_images/019efbfa-24d0-7aa0-8db4-d2447df97aa5/ig_065b3ee50a770cfa016a3c74d2ee248191ab5c914b7c3dc509.png,docs/art-source/one-frame-method-fullrun-20260625/macaroni-mouse/raw/frame-45-attempt-01-raw.png,docs/art-source/one-frame-method-fullrun-20260625/macaroni-mouse/alpha/frame-45-attempt-01-alpha.png,docs/art-source/one-frame-method-fullrun-20260625/macaroni-mouse/frames/frame-45.png,docs/art-source/one-frame-method-fullrun-20260625/macaroni-mouse/contacts/frame-45-attempt-01-contact.png,docs/art-source/one-frame-method-fullrun-20260625/macaroni-mouse/qa/frame-45-attempt-01-qa.json,docs/art-source/one-frame-method-fullrun-20260625/macaroni-mouse/prompts/frame-45-attempt-01.txt,accepted,mechanical pass; batch 42-51
2026-06-25T00:31:34.667491+00:00,44,ground_check,low ground check; nose nearly touches baseline; back remains slim,1,/Users/kyota/.codex/generated_images/019efbfa-24d0-7aa0-8db4-d2447df97aa5/ig_065b3ee50a770cfa016a3c7498b43c8191b5820cd87d8e4b8d.png,docs/art-source/one-frame-method-fullrun-20260625/macaroni-mouse/raw/frame-44-attempt-01-raw.png,docs/art-source/one-frame-method-fullrun-20260625/macaroni-mouse/alpha/frame-44-attempt-01-alpha.png,docs/art-source/one-frame-method-fullrun-20260625/macaroni-mouse/frames/frame-44.png,docs/art-source/one-frame-method-fullrun-20260625/macaroni-mouse/contacts/frame-44-attempt-01-contact.png,docs/art-source/one-frame-method-fullrun-20260625/macaroni-mouse/qa/frame-44-attempt-01-qa.json,docs/art-source/one-frame-method-fullrun-20260625/macaroni-mouse/prompts/frame-44-attempt-01.txt,accepted,mechanical pass; batch 42-51
2026-06-25T00:31:39.125419+00:00,43,chew,chew recovery; head returns to neutral,1,/Users/kyota/.codex/generated_images/019efbfa-24d0-7aa0-8db4-d2447df97aa5/ig_065b3ee50a770cfa016a3c74624af88191958fae25d5a5b157.png,docs/art-source/one-frame-method-fullrun-20260625/macaroni-mouse/raw/frame-43-attempt-01-raw.png,docs/art-source/one-frame-method-fullrun-20260625/macaroni-mouse/alpha/frame-43-attempt-01-alpha.png,docs/art-source/one-frame-method-fullrun-20260625/macaroni-mouse/frames/frame-43.png,docs/art-source/one-frame-method-fullrun-20260625/macaroni-mouse/contacts/frame-43-attempt-01-contact.png,docs/art-source/one-frame-method-fullrun-20260625/macaroni-mouse/qa/frame-43-attempt-01-qa.json,docs/art-source/one-frame-method-fullrun-20260625/macaroni-mouse/prompts/frame-43-attempt-01.txt,accepted,mechanical pass; batch 42-51
2026-06-25T00:31:45.145026+00:00,42,chew,chew phase with muzzle slightly forward; forepaws steady,1,/Users/kyota/.codex/generated_images/019efbfa-24d0-7aa0-8db4-d2447df97aa5/ig_065b3ee50a770cfa016a3c7422f990819184cc56f465476c08.png,docs/art-source/one-frame-method-fullrun-20260625/macaroni-mouse/raw/frame-42-attempt-01-raw.png,docs/art-source/one-frame-method-fullrun-20260625/macaroni-mouse/alpha/frame-42-attempt-01-alpha.png,docs/art-source/one-frame-method-fullrun-20260625/macaroni-mouse/frames/frame-42.png,docs/art-source/one-frame-method-fullrun-20260625/macaroni-mouse/contacts/frame-42-attempt-01-contact.png,docs/art-source/one-frame-method-fullrun-20260625/macaroni-mouse/qa/frame-42-attempt-01-qa.json,docs/art-source/one-frame-method-fullrun-20260625/macaroni-mouse/prompts/frame-42-attempt-01.txt,accepted,mechanical pass; batch 42-51
2026-06-25T00:36:28.698023+00:00,52,face_groom,face groom start; front paw lifts to cheek; feet grounded,1,/Users/kyota/.codex/generated_images/019efbfa-24d0-7aa0-8db4-d2447df97aa5/ig_095e73384d016116016a3c77b700b48191ab1701e06c1fac88.png,docs/art-source/one-frame-method-fullrun-20260625/macaroni-mouse/raw/frame-52-attempt-01-raw.png,docs/art-source/one-frame-method-fullrun-20260625/macaroni-mouse/alpha/frame-52-attempt-01-alpha.png,docs/art-source/one-frame-method-fullrun-20260625/macaroni-mouse/frames/frame-52.png,docs/art-source/one-frame-method-fullrun-20260625/macaroni-mouse/contacts/frame-52-attempt-01-contact.png,docs/art-source/one-frame-method-fullrun-20260625/macaroni-mouse/qa/frame-52-attempt-01-qa.json,docs/art-source/one-frame-method-fullrun-20260625/macaroni-mouse/prompts/frame-52-attempt-01.txt,accepted,mechanical pass; immediate single-frame processing
2026-06-25T00:39:13.454699+00:00,53,face_groom,face groom paw touches muzzle; no human-like pose,1,/Users/kyota/.codex/generated_images/019efbfa-24d0-7aa0-8db4-d2447df97aa5/ig_0f9d06d13d252409016a3c786b4d408191a8943055da00b4ad.png,docs/art-source/one-frame-method-fullrun-20260625/macaroni-mouse/raw/frame-53-attempt-01-raw.png,docs/art-source/one-frame-method-fullrun-20260625/macaroni-mouse/alpha/frame-53-attempt-01-alpha.png,docs/art-source/one-frame-method-fullrun-20260625/macaroni-mouse/frames/frame-53.png,docs/art-source/one-frame-method-fullrun-20260625/macaroni-mouse/contacts/frame-53-attempt-01-contact.png,docs/art-source/one-frame-method-fullrun-20260625/macaroni-mouse/qa/frame-53-attempt-01-qa.json,docs/art-source/one-frame-method-fullrun-20260625/macaroni-mouse/prompts/frame-53-attempt-01.txt,accepted,mechanical pass; immediate single-frame processing
2026-06-25T00:42:19.632549+00:00,54,face_groom,face groom paw sweeps down; eye still visible,1,/Users/kyota/.codex/generated_images/019efbfa-24d0-7aa0-8db4-d2447df97aa5/ig_0e029ec0a09acf96016a3c79202a7c81919294e5e975674514.png,docs/art-source/one-frame-method-fullrun-20260625/macaroni-mouse/raw/frame-54-attempt-01-raw.png,docs/art-source/one-frame-method-fullrun-20260625/macaroni-mouse/alpha/frame-54-attempt-01-alpha.png,docs/art-source/one-frame-method-fullrun-20260625/macaroni-mouse/frames/frame-54.png,docs/art-source/one-frame-method-fullrun-20260625/macaroni-mouse/contacts/frame-54-attempt-01-contact.png,docs/art-source/one-frame-method-fullrun-20260625/macaroni-mouse/qa/frame-54-attempt-01-qa.json,docs/art-source/one-frame-method-fullrun-20260625/macaroni-mouse/prompts/frame-54-attempt-01.txt,accepted,mechanical pass; immediate single-frame processing
2026-06-25T00:44:46.338961+00:00,55,face_groom,face groom finish; paw returns to ground,1,/Users/kyota/.codex/generated_images/019efbfa-24d0-7aa0-8db4-d2447df97aa5/ig_0a6deedcc0397066016a3c79ae787881919bc7db7ce9545277.png,docs/art-source/one-frame-method-fullrun-20260625/macaroni-mouse/raw/frame-55-attempt-01-raw.png,docs/art-source/one-frame-method-fullrun-20260625/macaroni-mouse/alpha/frame-55-attempt-01-alpha.png,docs/art-source/one-frame-method-fullrun-20260625/macaroni-mouse/frames/frame-55.png,docs/art-source/one-frame-method-fullrun-20260625/macaroni-mouse/contacts/frame-55-attempt-01-contact.png,docs/art-source/one-frame-method-fullrun-20260625/macaroni-mouse/qa/frame-55-attempt-01-qa.json,docs/art-source/one-frame-method-fullrun-20260625/macaroni-mouse/prompts/frame-55-attempt-01.txt,accepted,mechanical pass; immediate single-frame processing
2026-06-25T00:47:32.488717+00:00,56,reaction,small surprise reaction; head lifts and ears perk; all feet grounded,1,/Users/kyota/.codex/generated_images/019efbfa-24d0-7aa0-8db4-d2447df97aa5/ig_0f6fe0a1914c3409016a3c7a5fb5f88191be713c8d110d99b1.png,docs/art-source/one-frame-method-fullrun-20260625/macaroni-mouse/raw/frame-56-attempt-01-raw.png,docs/art-source/one-frame-method-fullrun-20260625/macaroni-mouse/alpha/frame-56-attempt-01-alpha.png,docs/art-source/one-frame-method-fullrun-20260625/macaroni-mouse/frames/frame-56.png,docs/art-source/one-frame-method-fullrun-20260625/macaroni-mouse/contacts/frame-56-attempt-01-contact.png,docs/art-source/one-frame-method-fullrun-20260625/macaroni-mouse/qa/frame-56-attempt-01-qa.json,docs/art-source/one-frame-method-fullrun-20260625/macaroni-mouse/prompts/frame-56-attempt-01.txt,accepted,mechanical pass; immediate single-frame processing
2026-06-25T00:49:47.277144+00:00,57,reaction,quick recoil backward but low quadruped; no jump,1,/Users/kyota/.codex/generated_images/019efbfa-24d0-7aa0-8db4-d2447df97aa5/ig_033de7a31452ab5b016a3c7adfb5788191b05fa6ad76e6ca5b.png,docs/art-source/one-frame-method-fullrun-20260625/macaroni-mouse/raw/frame-57-attempt-01-raw.png,docs/art-source/one-frame-method-fullrun-20260625/macaroni-mouse/alpha/frame-57-attempt-01-alpha.png,docs/art-source/one-frame-method-fullrun-20260625/macaroni-mouse/frames/frame-57.png,docs/art-source/one-frame-method-fullrun-20260625/macaroni-mouse/contacts/frame-57-attempt-01-contact.png,docs/art-source/one-frame-method-fullrun-20260625/macaroni-mouse/qa/frame-57-attempt-01-qa.json,docs/art-source/one-frame-method-fullrun-20260625/macaroni-mouse/prompts/frame-57-attempt-01.txt,accepted,mechanical pass; immediate single-frame processing
2026-06-25T00:54:48.538372+00:00,58,reaction,tiny startle stretch forward; tail thick and low,1,/Users/kyota/.codex/generated_images/019efbfa-24d0-7aa0-8db4-d2447df97aa5/ig_023803ba49f2209c016a3c7c0e3b948191a23eb97183113698.png,docs/art-source/one-frame-method-fullrun-20260625/macaroni-mouse/raw/frame-58-attempt-01-raw.png,docs/art-source/one-frame-method-fullrun-20260625/macaroni-mouse/alpha/frame-58-attempt-01-alpha.png,docs/art-source/one-frame-method-fullrun-20260625/macaroni-mouse/frames/frame-58.png,docs/art-source/one-frame-method-fullrun-20260625/macaroni-mouse/contacts/frame-58-attempt-01-contact.png,docs/art-source/one-frame-method-fullrun-20260625/macaroni-mouse/qa/frame-58-attempt-01-qa.json,docs/art-source/one-frame-method-fullrun-20260625/macaroni-mouse/prompts/frame-58-attempt-01.txt,accepted,mechanical pass; immediate single-frame processing
2026-06-25T00:58:28.044112+00:00,59,reaction,reaction settle; shoulders lower,1,/Users/kyota/.codex/generated_images/019efbfa-24d0-7aa0-8db4-d2447df97aa5/ig_0f36021a08807dfb016a3c7cde37f4819188e92c126b17ca74.png,docs/art-source/one-frame-method-fullrun-20260625/macaroni-mouse/raw/frame-59-attempt-01-raw.png,docs/art-source/one-frame-method-fullrun-20260625/macaroni-mouse/alpha/frame-59-attempt-01-alpha.png,docs/art-source/one-frame-method-fullrun-20260625/macaroni-mouse/frames/frame-59.png,docs/art-source/one-frame-method-fullrun-20260625/macaroni-mouse/contacts/frame-59-attempt-01-contact.png,docs/art-source/one-frame-method-fullrun-20260625/macaroni-mouse/qa/frame-59-attempt-01-qa.json,docs/art-source/one-frame-method-fullrun-20260625/macaroni-mouse/prompts/frame-59-attempt-01.txt,accepted,mechanical pass; immediate single-frame processing
2026-06-25T01:03:09.204994+00:00,60,reaction,return-to-idle transition; feet align to baseline,1,/Users/kyota/.codex/generated_images/019efbfa-24d0-7aa0-8db4-d2447df97aa5/ig_02c9ba053767ef47016a3c7db3b8048191b58c8c7b872dc760.png,docs/art-source/one-frame-method-fullrun-20260625/macaroni-mouse/raw/frame-60-attempt-01-raw.png,docs/art-source/one-frame-method-fullrun-20260625/macaroni-mouse/alpha/frame-60-attempt-01-alpha.png,docs/art-source/one-frame-method-fullrun-20260625/macaroni-mouse/frames/frame-60.png,docs/art-source/one-frame-method-fullrun-20260625/macaroni-mouse/contacts/frame-60-attempt-01-contact.png,docs/art-source/one-frame-method-fullrun-20260625/macaroni-mouse/qa/frame-60-attempt-01-qa.json,docs/art-source/one-frame-method-fullrun-20260625/macaroni-mouse/prompts/frame-60-attempt-01.txt,accepted,mechanical pass; immediate single-frame processing
2026-06-25T01:08:05.763232+00:00,61,reaction,final neutral recovery matching frame 00 scale and stance,1,/Users/kyota/.codex/generated_images/019efbfa-24d0-7aa0-8db4-d2447df97aa5/ig_09da39dd68948344016a3c7f238eb08191b8f95a9d53e07516.png,docs/art-source/one-frame-method-fullrun-20260625/macaroni-mouse/raw/frame-61-attempt-01-raw.png,docs/art-source/one-frame-method-fullrun-20260625/macaroni-mouse/alpha/frame-61-attempt-01-alpha.png,docs/art-source/one-frame-method-fullrun-20260625/macaroni-mouse/frames/frame-61.png,docs/art-source/one-frame-method-fullrun-20260625/macaroni-mouse/contacts/frame-61-attempt-01-contact.png,docs/art-source/one-frame-method-fullrun-20260625/macaroni-mouse/qa/frame-61-attempt-01-qa.json,docs/art-source/one-frame-method-fullrun-20260625/macaroni-mouse/prompts/frame-61-attempt-01.txt,accepted,mechanical pass; immediate single-frame processing
