frame,slot,orientation,pose_notes,attempt,source_imagegen_path,raw_path,alpha_path,frame_path,promoted_path,holes_filled,hole_area,components_removed_area,status,notes
00,idle,right-facing side,"low relaxed gecko standing still, head level, all four feet planted, tail gently trailing",01,/Users/kyota/.codex/generated_images/019efb9a-b711-77f2-b098-5dce8ddc678d/ig_0a358dcbebe261c7016a3daa0d9fe081918953905087ce21b9.png,docs/art-source/one-frame-method-fullrun-20260626/gecko-set00-oneframe-62/raw/frame-00-attempt-01-raw.png,docs/art-source/one-frame-method-fullrun-20260626/gecko-set00-oneframe-62/alpha/frame-00-attempt-01-alpha.png,docs/art-source/one-frame-method-fullrun-20260626/gecko-set00-oneframe-62/frames/frame-00.png,docs/art-source/gecko/motion-source/accepted-frames/set00/frame-00.png,0,0,0,promoted_accepted_set00,
01,idle,right-facing side,"subtle breathing pose, chest slightly lifted, front toes still planted, tail unchanged",01,/Users/kyota/.codex/generated_images/019efb9a-b711-77f2-b098-5dce8ddc678d/ig_0a358dcbebe261c7016a3daa2dc4d0819191bf95c375fbd910.png,docs/art-source/one-frame-method-fullrun-20260626/gecko-set00-oneframe-62/raw/frame-01-attempt-01-raw.png,docs/art-source/one-frame-method-fullrun-20260626/gecko-set00-oneframe-62/alpha/frame-01-attempt-01-alpha.png,docs/art-source/one-frame-method-fullrun-20260626/gecko-set00-oneframe-62/frames/frame-01.png,docs/art-source/gecko/motion-source/accepted-frames/set00/frame-01.png,0,0,0,promoted_accepted_set00,
02,idle,right-facing side,"small head raise and alert eye, body still low, tail tip barely lifted",01,/Users/kyota/.codex/generated_images/019efb9a-b711-77f2-b098-5dce8ddc678d/ig_0a358dcbebe261c7016a3daa53ad388191b5c031026c687ac3.png,docs/art-source/one-frame-method-fullrun-20260626/gecko-set00-oneframe-62/raw/frame-02-attempt-01-raw.png,docs/art-source/one-frame-method-fullrun-20260626/gecko-set00-oneframe-62/alpha/frame-02-attempt-01-alpha.png,docs/art-source/one-frame-method-fullrun-20260626/gecko-set00-oneframe-62/frames/frame-02.png,docs/art-source/gecko/motion-source/accepted-frames/set00/frame-02.png,0,0,0,promoted_accepted_set00,
03,idle,right-facing side,"settles back down, tiny tail-tip curl, all feet stable",01,/Users/kyota/.codex/generated_images/019efb9a-b711-77f2-b098-5dce8ddc678d/ig_0a358dcbebe261c7016a3daa78350081918d5ef9c02a175cd3.png,docs/art-source/one-frame-method-fullrun-20260626/gecko-set00-oneframe-62/raw/frame-03-attempt-01-raw.png,docs/art-source/one-frame-method-fullrun-20260626/gecko-set00-oneframe-62/alpha/frame-03-attempt-01-alpha.png,docs/art-source/one-frame-method-fullrun-20260626/gecko-set00-oneframe-62/frames/frame-03.png,docs/art-source/gecko/motion-source/accepted-frames/set00/frame-03.png,1,17,0,promoted_accepted_set00,internal_alpha_holes_filled=1
04,walk,right-facing side,"slow crawl step, near front foot reaching forward, far hind foot pushing, body stretched slightly",01,/Users/kyota/.codex/generated_images/019efb9a-b711-77f2-b098-5dce8ddc678d/ig_0a358dcbebe261c7016a3daa9e4428819183b1473663e56391.png,docs/art-source/one-frame-method-fullrun-20260626/gecko-set00-oneframe-62/raw/frame-04-attempt-01-raw.png,docs/art-source/one-frame-method-fullrun-20260626/gecko-set00-oneframe-62/alpha/frame-04-attempt-01-alpha.png,docs/art-source/one-frame-method-fullrun-20260626/gecko-set00-oneframe-62/frames/frame-04.png,docs/art-source/gecko/motion-source/accepted-frames/set00/frame-04.png,0,0,0,promoted_accepted_set00,
05,walk,right-facing side,"slow crawl step, near front foot planted, near hind foot lifting, belly low",01,/Users/kyota/.codex/generated_images/019efb9a-b711-77f2-b098-5dce8ddc678d/ig_0a358dcbebe261c7016a3daac2d3fc8191ae45f0f7fd0b871e.png,docs/art-source/one-frame-method-fullrun-20260626/gecko-set00-oneframe-62/raw/frame-05-attempt-01-raw.png,docs/art-source/one-frame-method-fullrun-20260626/gecko-set00-oneframe-62/alpha/frame-05-attempt-01-alpha.png,docs/art-source/one-frame-method-fullrun-20260626/gecko-set00-oneframe-62/frames/frame-05.png,docs/art-source/gecko/motion-source/accepted-frames/set00/frame-05.png,0,0,0,promoted_accepted_set00,
06,walk,right-facing side,"slow crawl step, far front foot suggested forward, tail counter-curves lightly",01,/Users/kyota/.codex/generated_images/019efb9a-b711-77f2-b098-5dce8ddc678d/ig_0a358dcbebe261c7016a3daae805f48191a143bc83e65df3dd.png,docs/art-source/one-frame-method-fullrun-20260626/gecko-set00-oneframe-62/raw/frame-06-attempt-01-raw.png,docs/art-source/one-frame-method-fullrun-20260626/gecko-set00-oneframe-62/alpha/frame-06-attempt-01-alpha.png,docs/art-source/one-frame-method-fullrun-20260626/gecko-set00-oneframe-62/frames/frame-06.png,docs/art-source/gecko/motion-source/accepted-frames/set00/frame-06.png,1,19,0,promoted_accepted_set00,internal_alpha_holes_filled=1
07,walk,right-facing side,"slow crawl step, near hind foot placed ahead, head steady, body compact",01,/Users/kyota/.codex/generated_images/019efb9a-b711-77f2-b098-5dce8ddc678d/ig_0a358dcbebe261c7016a3dab1257e48191963113fe9aa3fa49.png,docs/art-source/one-frame-method-fullrun-20260626/gecko-set00-oneframe-62/raw/frame-07-attempt-01-raw.png,docs/art-source/one-frame-method-fullrun-20260626/gecko-set00-oneframe-62/alpha/frame-07-attempt-01-alpha.png,docs/art-source/one-frame-method-fullrun-20260626/gecko-set00-oneframe-62/frames/frame-07.png,docs/art-source/gecko/motion-source/accepted-frames/set00/frame-07.png,1,45,0,promoted_accepted_set00,internal_alpha_holes_filled=1
08,walk,right-facing side,"second crawl cycle start, front shoulder slightly forward, one forefoot lifted as one connected shape",01,/Users/kyota/.codex/generated_images/019efb9a-b711-77f2-b098-5dce8ddc678d/ig_0a358dcbebe261c7016a3dab39ccd88191b11bc061c4ba716d.png,docs/art-source/one-frame-method-fullrun-20260626/gecko-set00-oneframe-62/raw/frame-08-attempt-01-raw.png,docs/art-source/one-frame-method-fullrun-20260626/gecko-set00-oneframe-62/alpha/frame-08-attempt-01-alpha.png,docs/art-source/one-frame-method-fullrun-20260626/gecko-set00-oneframe-62/frames/frame-08.png,docs/art-source/gecko/motion-source/accepted-frames/set00/frame-08.png,0,0,0,promoted_accepted_set00,
09,walk,right-facing side,"mid crawl, torso gliding forward, hind legs splayed and readable",01,/Users/kyota/.codex/generated_images/019efb9a-b711-77f2-b098-5dce8ddc678d/ig_0a358dcbebe261c7016a3dab65ba8c819186b5aa90d0c8433f.png,docs/art-source/one-frame-method-fullrun-20260626/gecko-set00-oneframe-62/raw/frame-09-attempt-01-raw.png,docs/art-source/one-frame-method-fullrun-20260626/gecko-set00-oneframe-62/alpha/frame-09-attempt-01-alpha.png,docs/art-source/one-frame-method-fullrun-20260626/gecko-set00-oneframe-62/frames/frame-09.png,docs/art-source/gecko/motion-source/accepted-frames/set00/frame-09.png,0,0,0,promoted_accepted_set00,
10,walk,right-facing side,"late crawl, tail follows with smooth S curve, feet planted cleanly",01,/Users/kyota/.codex/generated_images/019efb9a-b711-77f2-b098-5dce8ddc678d/ig_0a358dcbebe261c7016a3dab95416c8191b1eb4befba855f0f.png,docs/art-source/one-frame-method-fullrun-20260626/gecko-set00-oneframe-62/raw/frame-10-attempt-01-raw.png,docs/art-source/one-frame-method-fullrun-20260626/gecko-set00-oneframe-62/alpha/frame-10-attempt-01-alpha.png,docs/art-source/one-frame-method-fullrun-20260626/gecko-set00-oneframe-62/frames/frame-10.png,docs/art-source/gecko/motion-source/accepted-frames/set00/frame-10.png,0,0,0,promoted_accepted_set00,
11,walk,right-facing side,"crawl cycle completes, body returns to neutral stance, all feet visible",01,/Users/kyota/.codex/generated_images/019efb9a-b711-77f2-b098-5dce8ddc678d/ig_0a358dcbebe261c7016a3dabc2d5988191931c7cb18e490542.png,docs/art-source/one-frame-method-fullrun-20260626/gecko-set00-oneframe-62/raw/frame-11-attempt-01-raw.png,docs/art-source/one-frame-method-fullrun-20260626/gecko-set00-oneframe-62/alpha/frame-11-attempt-01-alpha.png,docs/art-source/one-frame-method-fullrun-20260626/gecko-set00-oneframe-62/frames/frame-11.png,docs/art-source/gecko/motion-source/accepted-frames/set00/frame-11.png,0,0,0,promoted_accepted_set00,
12,fast,right-facing side,"quick scamper start, body elongated, front half low and forward, tail straightening",01,/Users/kyota/.codex/generated_images/019efb9a-b711-77f2-b098-5dce8ddc678d/ig_0a358dcbebe261c7016a3dabf514f08191805e49c75606bba6.png,docs/art-source/one-frame-method-fullrun-20260626/gecko-set00-oneframe-62/raw/frame-12-attempt-01-raw.png,docs/art-source/one-frame-method-fullrun-20260626/gecko-set00-oneframe-62/alpha/frame-12-attempt-01-alpha.png,docs/art-source/one-frame-method-fullrun-20260626/gecko-set00-oneframe-62/frames/frame-12.png,docs/art-source/gecko/motion-source/accepted-frames/set00/frame-12.png,0,0,0,promoted_accepted_set00,
13,fast,right-facing side,"quick scamper, two feet tucked close as one clean silhouette, head slightly lowered",01,/Users/kyota/.codex/generated_images/019efb9a-b711-77f2-b098-5dce8ddc678d/ig_0a358dcbebe261c7016a3dac2157748191b4d29c6bd146bb56.png,docs/art-source/one-frame-method-fullrun-20260626/gecko-set00-oneframe-62/raw/frame-13-attempt-01-raw.png,docs/art-source/one-frame-method-fullrun-20260626/gecko-set00-oneframe-62/alpha/frame-13-attempt-01-alpha.png,docs/art-source/one-frame-method-fullrun-20260626/gecko-set00-oneframe-62/frames/frame-13.png,docs/art-source/gecko/motion-source/accepted-frames/set00/frame-13.png,1,5,0,promoted_accepted_set00,internal_alpha_holes_filled=1
14,fast,right-facing side,"quick scamper, body lifted just a little, tail sweeping back for balance",01,/Users/kyota/.codex/generated_images/019efb9a-b711-77f2-b098-5dce8ddc678d/ig_0a358dcbebe261c7016a3dac4e635481919f91249c08b8c190.png,docs/art-source/one-frame-method-fullrun-20260626/gecko-set00-oneframe-62/raw/frame-14-attempt-01-raw.png,docs/art-source/one-frame-method-fullrun-20260626/gecko-set00-oneframe-62/alpha/frame-14-attempt-01-alpha.png,docs/art-source/one-frame-method-fullrun-20260626/gecko-set00-oneframe-62/frames/frame-14.png,docs/art-source/gecko/motion-source/accepted-frames/set00/frame-14.png,4,26,0,promoted_accepted_set00,internal_alpha_holes_filled=4
15,fast,right-facing side,"quick scamper, long stride with forelegs forward and hind legs extended",01,/Users/kyota/.codex/generated_images/019efb9a-b711-77f2-b098-5dce8ddc678d/ig_0a358dcbebe261c7016a3dac7ed97c8191a7347e487a5fb4cb.png,docs/art-source/one-frame-method-fullrun-20260626/gecko-set00-oneframe-62/raw/frame-15-attempt-01-raw.png,docs/art-source/one-frame-method-fullrun-20260626/gecko-set00-oneframe-62/alpha/frame-15-attempt-01-alpha.png,docs/art-source/one-frame-method-fullrun-20260626/gecko-set00-oneframe-62/frames/frame-15.png,docs/art-source/gecko/motion-source/accepted-frames/set00/frame-15.png,1,15,0,promoted_accepted_set00,internal_alpha_holes_filled=1
16,fast,right-facing side,"quick scamper, compact recoil, belly low, toes connected with no tiny gaps",01,/Users/kyota/.codex/generated_images/019efb9a-b711-77f2-b098-5dce8ddc678d/ig_0a358dcbebe261c7016a3dacb56bc08191b8d988c54153a0a8.png,docs/art-source/one-frame-method-fullrun-20260626/gecko-set00-oneframe-62/raw/frame-16-attempt-01-raw.png,docs/art-source/one-frame-method-fullrun-20260626/gecko-set00-oneframe-62/alpha/frame-16-attempt-01-alpha.png,docs/art-source/one-frame-method-fullrun-20260626/gecko-set00-oneframe-62/frames/frame-16.png,docs/art-source/gecko/motion-source/accepted-frames/set00/frame-16.png,0,0,0,promoted_accepted_set00,
17,fast,right-facing side,"quick scamper, head leading, tail curves opposite the stride",01,/Users/kyota/.codex/generated_images/019efb9a-b711-77f2-b098-5dce8ddc678d/ig_0a358dcbebe261c7016a3dace6de408191a4e2cfe91e94485c.png,docs/art-source/one-frame-method-fullrun-20260626/gecko-set00-oneframe-62/raw/frame-17-attempt-01-raw.png,docs/art-source/one-frame-method-fullrun-20260626/gecko-set00-oneframe-62/alpha/frame-17-attempt-01-alpha.png,docs/art-source/one-frame-method-fullrun-20260626/gecko-set00-oneframe-62/frames/frame-17.png,docs/art-source/gecko/motion-source/accepted-frames/set00/frame-17.png,0,0,0,promoted_accepted_set00,
18,fast,right-facing side,"quick scamper deceleration, legs spreading back to stable stance",01,/Users/kyota/.codex/generated_images/019efb9a-b711-77f2-b098-5dce8ddc678d/ig_0a358dcbebe261c7016a3dad1aa70081919f6bf15c6ac31c06.png,docs/art-source/one-frame-method-fullrun-20260626/gecko-set00-oneframe-62/raw/frame-18-attempt-01-raw.png,docs/art-source/one-frame-method-fullrun-20260626/gecko-set00-oneframe-62/alpha/frame-18-attempt-01-alpha.png,docs/art-source/one-frame-method-fullrun-20260626/gecko-set00-oneframe-62/frames/frame-18.png,docs/art-source/gecko/motion-source/accepted-frames/set00/frame-18.png,0,0,0,promoted_accepted_set00,
19,fast,right-facing side,"fast movement recovery, body shortens, tail settles behind",01,/Users/kyota/.codex/generated_images/019efb9a-b711-77f2-b098-5dce8ddc678d/ig_0a358dcbebe261c7016a3dad50e210819195978583a341d1a2.png,docs/art-source/one-frame-method-fullrun-20260626/gecko-set00-oneframe-62/raw/frame-19-attempt-01-raw.png,docs/art-source/one-frame-method-fullrun-20260626/gecko-set00-oneframe-62/alpha/frame-19-attempt-01-alpha.png,docs/art-source/one-frame-method-fullrun-20260626/gecko-set00-oneframe-62/frames/frame-19.png,docs/art-source/gecko/motion-source/accepted-frames/set00/frame-19.png,0,0,0,promoted_accepted_set00,
20,sniff_nibble,right-facing side,"nose close to ground, neck slightly extended, front feet braced",01,/Users/kyota/.codex/generated_images/019efb9a-b711-77f2-b098-5dce8ddc678d/ig_0fa54353f9cbb504016a3dad8f745c8191a00f4ec63db655fc.png,docs/art-source/one-frame-method-fullrun-20260626/gecko-set00-oneframe-62/raw/frame-20-attempt-01-raw.png,docs/art-source/one-frame-method-fullrun-20260626/gecko-set00-oneframe-62/alpha/frame-20-attempt-01-alpha.png,docs/art-source/one-frame-method-fullrun-20260626/gecko-set00-oneframe-62/frames/frame-20.png,docs/art-source/gecko/motion-source/accepted-frames/set00/frame-20.png,0,0,0,promoted_accepted_set00,
21,sniff_nibble,right-facing side,"sniffing a spot, head lower, tiny mouth closed, no object present",01,/Users/kyota/.codex/generated_images/019efb9a-b711-77f2-b098-5dce8ddc678d/ig_0fa54353f9cbb504016a3dadc036708191a66a3bc350f0f688.png,docs/art-source/one-frame-method-fullrun-20260626/gecko-set00-oneframe-62/raw/frame-21-attempt-01-raw.png,docs/art-source/one-frame-method-fullrun-20260626/gecko-set00-oneframe-62/alpha/frame-21-attempt-01-alpha.png,docs/art-source/one-frame-method-fullrun-20260626/gecko-set00-oneframe-62/frames/frame-21.png,docs/art-source/gecko/motion-source/accepted-frames/set00/frame-21.png,0,0,0,promoted_accepted_set00,
22,sniff_nibble,right-facing side,"small nibble motion, jaw suggested by one simple line, feet planted",01,/Users/kyota/.codex/generated_images/019efb9a-b711-77f2-b098-5dce8ddc678d/ig_0fa54353f9cbb504016a3dade04b288191b490759b5090c28e.png,docs/art-source/one-frame-method-fullrun-20260626/gecko-set00-oneframe-62/raw/frame-22-attempt-01-raw.png,docs/art-source/one-frame-method-fullrun-20260626/gecko-set00-oneframe-62/alpha/frame-22-attempt-01-alpha.png,docs/art-source/one-frame-method-fullrun-20260626/gecko-set00-oneframe-62/frames/frame-22.png,docs/art-source/gecko/motion-source/accepted-frames/set00/frame-22.png,2,66,0,promoted_accepted_set00,internal_alpha_holes_filled=2
23,sniff_nibble,right-facing side,"head rises a little after nibble, body still, tail relaxed",01,/Users/kyota/.codex/generated_images/019efb9a-b711-77f2-b098-5dce8ddc678d/ig_0fa54353f9cbb504016a3dae0172348191a28f214a312454c4.png,docs/art-source/one-frame-method-fullrun-20260626/gecko-set00-oneframe-62/raw/frame-23-attempt-01-raw.png,docs/art-source/one-frame-method-fullrun-20260626/gecko-set00-oneframe-62/alpha/frame-23-attempt-01-alpha.png,docs/art-source/one-frame-method-fullrun-20260626/gecko-set00-oneframe-62/frames/frame-23.png,docs/art-source/gecko/motion-source/accepted-frames/set00/frame-23.png,1,6,0,promoted_accepted_set00,internal_alpha_holes_filled=1
24,sniff_nibble,right-facing side,"nose sweeps forward along the ground, one forefoot inches forward",01,/Users/kyota/.codex/generated_images/019efb9a-b711-77f2-b098-5dce8ddc678d/ig_0fa54353f9cbb504016a3dae324d6481919966242e0459708e.png,docs/art-source/one-frame-method-fullrun-20260626/gecko-set00-oneframe-62/raw/frame-24-attempt-01-raw.png,docs/art-source/one-frame-method-fullrun-20260626/gecko-set00-oneframe-62/alpha/frame-24-attempt-01-alpha.png,docs/art-source/one-frame-method-fullrun-20260626/gecko-set00-oneframe-62/frames/frame-24.png,docs/art-source/gecko/motion-source/accepted-frames/set00/frame-24.png,0,0,0,promoted_accepted_set00,
25,sniff_nibble,right-facing side,"sniff slot resolves, head returns to neutral, full silhouette clean",01,/Users/kyota/.codex/generated_images/019efb9a-b711-77f2-b098-5dce8ddc678d/ig_0fa54353f9cbb504016a3dae61d9f081918f346a6e8b1f8605.png,docs/art-source/one-frame-method-fullrun-20260626/gecko-set00-oneframe-62/raw/frame-25-attempt-01-raw.png,docs/art-source/one-frame-method-fullrun-20260626/gecko-set00-oneframe-62/alpha/frame-25-attempt-01-alpha.png,docs/art-source/one-frame-method-fullrun-20260626/gecko-set00-oneframe-62/frames/frame-25.png,docs/art-source/gecko/motion-source/accepted-frames/set00/frame-25.png,0,0,0,promoted_accepted_set00,
26,wall_cling_species_action,right-facing side,"species action: gecko lifts front body as if about to climb, toe pads spread but connected",01,/Users/kyota/.codex/generated_images/019efb9a-b711-77f2-b098-5dce8ddc678d/ig_0fa54353f9cbb504016a3dae92dd588191a6d225726abbc106.png,docs/art-source/one-frame-method-fullrun-20260626/gecko-set00-oneframe-62/raw/frame-26-attempt-01-raw.png,docs/art-source/one-frame-method-fullrun-20260626/gecko-set00-oneframe-62/alpha/frame-26-attempt-01-alpha.png,docs/art-source/one-frame-method-fullrun-20260626/gecko-set00-oneframe-62/frames/frame-26.png,docs/art-source/gecko/motion-source/accepted-frames/set00/frame-26.png,1,28,0,promoted_accepted_set00,internal_alpha_holes_filled=1
27,wall_cling_species_action,right-facing side,"front feet press upward, chest raised, hind feet anchored low, tail stable",01,/Users/kyota/.codex/generated_images/019efb9a-b711-77f2-b098-5dce8ddc678d/ig_0fa54353f9cbb504016a3daec73aa48191a807f2993cab4eca.png,docs/art-source/one-frame-method-fullrun-20260626/gecko-set00-oneframe-62/raw/frame-27-attempt-01-raw.png,docs/art-source/one-frame-method-fullrun-20260626/gecko-set00-oneframe-62/alpha/frame-27-attempt-01-alpha.png,docs/art-source/one-frame-method-fullrun-20260626/gecko-set00-oneframe-62/frames/frame-27.png,docs/art-source/gecko/motion-source/accepted-frames/set00/frame-27.png,0,0,0,promoted_accepted_set00,
28,wall_cling_species_action,right-facing side,"brief climb pose, body diagonal upward but fully inside frame, all limbs attached",01,/Users/kyota/.codex/generated_images/019efb9a-b711-77f2-b098-5dce8ddc678d/ig_0fa54353f9cbb504016a3daef2d27c8191916dab19c1e4fd1d.png,docs/art-source/one-frame-method-fullrun-20260626/gecko-set00-oneframe-62/raw/frame-28-attempt-01-raw.png,docs/art-source/one-frame-method-fullrun-20260626/gecko-set00-oneframe-62/alpha/frame-28-attempt-01-alpha.png,docs/art-source/one-frame-method-fullrun-20260626/gecko-set00-oneframe-62/frames/frame-28.png,docs/art-source/gecko/motion-source/accepted-frames/set00/frame-28.png,1,19,0,promoted_accepted_set00,internal_alpha_holes_filled=1
29,wall_cling_species_action,right-facing side,"climb pause, head higher, tail bends down for counterbalance",01,/Users/kyota/.codex/generated_images/019efb9a-b711-77f2-b098-5dce8ddc678d/ig_0fa54353f9cbb504016a3daf232c6c8191ac0b0cc5c9bc0267.png,docs/art-source/one-frame-method-fullrun-20260626/gecko-set00-oneframe-62/raw/frame-29-attempt-01-raw.png,docs/art-source/one-frame-method-fullrun-20260626/gecko-set00-oneframe-62/alpha/frame-29-attempt-01-alpha.png,docs/art-source/one-frame-method-fullrun-20260626/gecko-set00-oneframe-62/frames/frame-29.png,docs/art-source/gecko/motion-source/accepted-frames/set00/frame-29.png,2,56,0,promoted_accepted_set00,internal_alpha_holes_filled=2
30,wall_cling_species_action,right-facing side,"climb action eases down, front body lowering, feet still readable",01,/Users/kyota/.codex/generated_images/019efb9a-b711-77f2-b098-5dce8ddc678d/ig_0fa54353f9cbb504016a3daf55767081919191ccc2be31cbea.png,docs/art-source/one-frame-method-fullrun-20260626/gecko-set00-oneframe-62/raw/frame-30-attempt-01-raw.png,docs/art-source/one-frame-method-fullrun-20260626/gecko-set00-oneframe-62/alpha/frame-30-attempt-01-alpha.png,docs/art-source/one-frame-method-fullrun-20260626/gecko-set00-oneframe-62/frames/frame-30.png,docs/art-source/gecko/motion-source/accepted-frames/set00/frame-30.png,1,171,0,promoted_accepted_set00,internal_alpha_holes_filled=1
31,wall_cling_species_action,right-facing side,"returns to ground stance, low body and complete tail",01,/Users/kyota/.codex/generated_images/019efb9a-b711-77f2-b098-5dce8ddc678d/ig_0fa54353f9cbb504016a3daf8656a48191b05d67d71a715166.png,docs/art-source/one-frame-method-fullrun-20260626/gecko-set00-oneframe-62/raw/frame-31-attempt-01-raw.png,docs/art-source/one-frame-method-fullrun-20260626/gecko-set00-oneframe-62/alpha/frame-31-attempt-01-alpha.png,docs/art-source/one-frame-method-fullrun-20260626/gecko-set00-oneframe-62/frames/frame-31.png,docs/art-source/gecko/motion-source/accepted-frames/set00/frame-31.png,0,0,0,promoted_accepted_set00,
32,turn,three-quarter right,"turn phase start, head begins rotating toward viewer, body still mostly right-facing",01,/Users/kyota/.codex/generated_images/019efb9a-b711-77f2-b098-5dce8ddc678d/ig_0fa54353f9cbb504016a3dafbdab548191a6e5c864f19a5acf.png,docs/art-source/one-frame-method-fullrun-20260626/gecko-set00-oneframe-62/raw/frame-32-attempt-01-raw.png,docs/art-source/one-frame-method-fullrun-20260626/gecko-set00-oneframe-62/alpha/frame-32-attempt-01-alpha.png,docs/art-source/one-frame-method-fullrun-20260626/gecko-set00-oneframe-62/frames/frame-32.png,docs/art-source/gecko/motion-source/accepted-frames/set00/frame-32.png,0,0,0,promoted_accepted_set00,
33,turn,front-right three-quarter,"turn phase, shoulders rotate toward viewer, wider chest, both eyes subtly implied but single head only",01,/Users/kyota/.codex/generated_images/019efb9a-b711-77f2-b098-5dce8ddc678d/ig_0fa54353f9cbb504016a3daffa0af08191a8c23e77946a7445.png,docs/art-source/one-frame-method-fullrun-20260626/gecko-set00-oneframe-62/raw/frame-33-attempt-01-raw.png,docs/art-source/one-frame-method-fullrun-20260626/gecko-set00-oneframe-62/alpha/frame-33-attempt-01-alpha.png,docs/art-source/one-frame-method-fullrun-20260626/gecko-set00-oneframe-62/frames/frame-33.png,docs/art-source/gecko/motion-source/accepted-frames/set00/frame-33.png,0,0,0,promoted_accepted_set00,
34,turn,near-front/top three-quarter,"turn phase midpoint, compact top-down-leaning gecko silhouette, head centered, one face only",01,/Users/kyota/.codex/generated_images/019efb9a-b711-77f2-b098-5dce8ddc678d/ig_0fa54353f9cbb504016a3db03259648191ba1f9641ed4c2443.png,docs/art-source/one-frame-method-fullrun-20260626/gecko-set00-oneframe-62/raw/frame-34-attempt-01-raw.png,docs/art-source/one-frame-method-fullrun-20260626/gecko-set00-oneframe-62/alpha/frame-34-attempt-01-alpha.png,docs/art-source/one-frame-method-fullrun-20260626/gecko-set00-oneframe-62/frames/frame-34.png,docs/art-source/gecko/motion-source/accepted-frames/set00/frame-34.png,0,0,0,promoted_accepted_set00,
35,turn,front-right three-quarter,"turn phase continuing, head starts turning back toward right, tail arcs smoothly",01,/Users/kyota/.codex/generated_images/019efb9a-b711-77f2-b098-5dce8ddc678d/ig_0fa54353f9cbb504016a3db06b00808191a6ba09e95d748502.png,docs/art-source/one-frame-method-fullrun-20260626/gecko-set00-oneframe-62/raw/frame-35-attempt-01-raw.png,docs/art-source/one-frame-method-fullrun-20260626/gecko-set00-oneframe-62/alpha/frame-35-attempt-01-alpha.png,docs/art-source/one-frame-method-fullrun-20260626/gecko-set00-oneframe-62/frames/frame-35.png,docs/art-source/gecko/motion-source/accepted-frames/set00/frame-35.png,0,0,0,promoted_accepted_set00,
36,turn,three-quarter right,"turn phase, body rolls back into right-facing side view, feet reconnect to baseline",01,/Users/kyota/.codex/generated_images/019efb9a-b711-77f2-b098-5dce8ddc678d/ig_0fa54353f9cbb504016a3db09595c08191a1865e63513d4273.png,docs/art-source/one-frame-method-fullrun-20260626/gecko-set00-oneframe-62/raw/frame-36-attempt-01-raw.png,docs/art-source/one-frame-method-fullrun-20260626/gecko-set00-oneframe-62/alpha/frame-36-attempt-01-alpha.png,docs/art-source/one-frame-method-fullrun-20260626/gecko-set00-oneframe-62/frames/frame-36.png,docs/art-source/gecko/motion-source/accepted-frames/set00/frame-36.png,0,0,0,promoted_accepted_set00,
37,turn,right-facing side,"right-facing side restored, tail still finishing the turn arc",01,/Users/kyota/.codex/generated_images/019efb9a-b711-77f2-b098-5dce8ddc678d/ig_0fa54353f9cbb504016a3db0c546ac8191a3daf588b89feadb.png,docs/art-source/one-frame-method-fullrun-20260626/gecko-set00-oneframe-62/raw/frame-37-attempt-01-raw.png,docs/art-source/one-frame-method-fullrun-20260626/gecko-set00-oneframe-62/alpha/frame-37-attempt-01-alpha.png,docs/art-source/one-frame-method-fullrun-20260626/gecko-set00-oneframe-62/frames/frame-37.png,docs/art-source/gecko/motion-source/accepted-frames/set00/frame-37.png,1,15,0,promoted_accepted_set00,internal_alpha_holes_filled=1
38,turn,right-facing side,"small follow-through, head checks forward, body low and stable",01,/Users/kyota/.codex/generated_images/019efb9a-b711-77f2-b098-5dce8ddc678d/ig_00a58237dc671f13016a3db1283e6881918472ceb9c50637ce.png,docs/art-source/one-frame-method-fullrun-20260626/gecko-set00-oneframe-62/raw/frame-38-attempt-01-raw.png,docs/art-source/one-frame-method-fullrun-20260626/gecko-set00-oneframe-62/alpha/frame-38-attempt-01-alpha.png,docs/art-source/one-frame-method-fullrun-20260626/gecko-set00-oneframe-62/frames/frame-38.png,docs/art-source/gecko/motion-source/accepted-frames/set00/frame-38.png,0,0,0,promoted_accepted_set00,
39,turn,right-facing side,turn slot resolves in neutral right-facing stance,01,/Users/kyota/.codex/generated_images/019efb9a-b711-77f2-b098-5dce8ddc678d/ig_00a58237dc671f13016a3db15002f88191a0653761a1c696b7.png,docs/art-source/one-frame-method-fullrun-20260626/gecko-set00-oneframe-62/raw/frame-39-attempt-01-raw.png,docs/art-source/one-frame-method-fullrun-20260626/gecko-set00-oneframe-62/alpha/frame-39-attempt-01-alpha.png,docs/art-source/one-frame-method-fullrun-20260626/gecko-set00-oneframe-62/frames/frame-39.png,docs/art-source/gecko/motion-source/accepted-frames/set00/frame-39.png,0,0,0,promoted_accepted_set00,
40,chew_eat,right-facing side,"chew/eat pose, tiny mouth motion suggested, head slightly tucked, no food object",01,/Users/kyota/.codex/generated_images/019efb9a-b711-77f2-b098-5dce8ddc678d/ig_00a58237dc671f13016a3db178b4648191b602e23916b090fe.png,docs/art-source/one-frame-method-fullrun-20260626/gecko-set00-oneframe-62/raw/frame-40-attempt-01-raw.png,docs/art-source/one-frame-method-fullrun-20260626/gecko-set00-oneframe-62/alpha/frame-40-attempt-01-alpha.png,docs/art-source/one-frame-method-fullrun-20260626/gecko-set00-oneframe-62/frames/frame-40.png,docs/art-source/gecko/motion-source/accepted-frames/set00/frame-40.png,0,0,0,promoted_accepted_set00,
41,chew_eat,right-facing side,"chewing continues, cheek/mouth line changed subtly, front feet braced",01,/Users/kyota/.codex/generated_images/019efb9a-b711-77f2-b098-5dce8ddc678d/ig_00a58237dc671f13016a3db1b17f908191b7e3ef4dd180979d.png,docs/art-source/one-frame-method-fullrun-20260626/gecko-set00-oneframe-62/raw/frame-41-attempt-01-raw.png,docs/art-source/one-frame-method-fullrun-20260626/gecko-set00-oneframe-62/alpha/frame-41-attempt-01-alpha.png,docs/art-source/one-frame-method-fullrun-20260626/gecko-set00-oneframe-62/frames/frame-41.png,docs/art-source/gecko/motion-source/accepted-frames/set00/frame-41.png,0,0,0,promoted_accepted_set00,
42,chew_eat,right-facing side,"small swallow, head tilts up a little, body remains compact",01,/Users/kyota/.codex/generated_images/019efb9a-b711-77f2-b098-5dce8ddc678d/ig_00a58237dc671f13016a3db1e7dc888191a5aeec83ae2bb5b9.png,docs/art-source/one-frame-method-fullrun-20260626/gecko-set00-oneframe-62/raw/frame-42-attempt-01-raw.png,docs/art-source/one-frame-method-fullrun-20260626/gecko-set00-oneframe-62/alpha/frame-42-attempt-01-alpha.png,docs/art-source/one-frame-method-fullrun-20260626/gecko-set00-oneframe-62/frames/frame-42.png,docs/art-source/gecko/motion-source/accepted-frames/set00/frame-42.png,0,0,0,promoted_accepted_set00,
43,chew_eat,right-facing side,"chew slot resolves, mouth closed, neutral stance",01,/Users/kyota/.codex/generated_images/019efb9a-b711-77f2-b098-5dce8ddc678d/ig_00a58237dc671f13016a3db216cbf0819197d2d7cf2f287ef3.png,docs/art-source/one-frame-method-fullrun-20260626/gecko-set00-oneframe-62/raw/frame-43-attempt-01-raw.png,docs/art-source/one-frame-method-fullrun-20260626/gecko-set00-oneframe-62/alpha/frame-43-attempt-01-alpha.png,docs/art-source/one-frame-method-fullrun-20260626/gecko-set00-oneframe-62/frames/frame-43.png,docs/art-source/gecko/motion-source/accepted-frames/set00/frame-43.png,0,0,0,promoted_accepted_set00,
44,ground_check,right-facing side,"ground check, one forefoot pats the ground, nose lowered, tail steady",01,/Users/kyota/.codex/generated_images/019efb9a-b711-77f2-b098-5dce8ddc678d/ig_00a58237dc671f13016a3db24965ac8191bb8b954eb19377f2.png,docs/art-source/one-frame-method-fullrun-20260626/gecko-set00-oneframe-62/raw/frame-44-attempt-01-raw.png,docs/art-source/one-frame-method-fullrun-20260626/gecko-set00-oneframe-62/alpha/frame-44-attempt-01-alpha.png,docs/art-source/one-frame-method-fullrun-20260626/gecko-set00-oneframe-62/frames/frame-44.png,docs/art-source/gecko/motion-source/accepted-frames/set00/frame-44.png,0,0,182,promoted_accepted_set00,detached_component_area_removed=182
45,ground_check,right-facing side,"ground check, head tracks along baseline, body stretched forward",01,/Users/kyota/.codex/generated_images/019efb9a-b711-77f2-b098-5dce8ddc678d/ig_00a58237dc671f13016a3db2803be88191bfbc5a64153fcb43.png,docs/art-source/one-frame-method-fullrun-20260626/gecko-set00-oneframe-62/raw/frame-45-attempt-01-raw.png,docs/art-source/one-frame-method-fullrun-20260626/gecko-set00-oneframe-62/alpha/frame-45-attempt-01-alpha.png,docs/art-source/one-frame-method-fullrun-20260626/gecko-set00-oneframe-62/frames/frame-45.png,docs/art-source/gecko/motion-source/accepted-frames/set00/frame-45.png,1,3,0,promoted_accepted_set00,internal_alpha_holes_filled=1
46,ground_check,right-facing side,"ground check, hind legs shift slightly, belly low, toes connected",01,/Users/kyota/.codex/generated_images/019efb9a-b711-77f2-b098-5dce8ddc678d/ig_00a58237dc671f13016a3db2bd7a5c819195b160825d247ed0.png,docs/art-source/one-frame-method-fullrun-20260626/gecko-set00-oneframe-62/raw/frame-46-attempt-01-raw.png,docs/art-source/one-frame-method-fullrun-20260626/gecko-set00-oneframe-62/alpha/frame-46-attempt-01-alpha.png,docs/art-source/one-frame-method-fullrun-20260626/gecko-set00-oneframe-62/frames/frame-46.png,docs/art-source/gecko/motion-source/accepted-frames/set00/frame-46.png,0,0,0,promoted_accepted_set00,
47,ground_check,right-facing side,"ground check resolves, head returns forward, all feet planted",01,/Users/kyota/.codex/generated_images/019efb9a-b711-77f2-b098-5dce8ddc678d/ig_00a58237dc671f13016a3db2f5ff288191aef12ac84bd4f178.png,docs/art-source/one-frame-method-fullrun-20260626/gecko-set00-oneframe-62/raw/frame-47-attempt-01-raw.png,docs/art-source/one-frame-method-fullrun-20260626/gecko-set00-oneframe-62/alpha/frame-47-attempt-01-alpha.png,docs/art-source/one-frame-method-fullrun-20260626/gecko-set00-oneframe-62/frames/frame-47.png,docs/art-source/gecko/motion-source/accepted-frames/set00/frame-47.png,1,15,0,promoted_accepted_set00,internal_alpha_holes_filled=1
48,alert_rest,right-facing side,"alert rest, body freezes, head high, eye bright, tail still",01,/Users/kyota/.codex/generated_images/019efb9a-b711-77f2-b098-5dce8ddc678d/ig_00a58237dc671f13016a3db3272aec81919d35fbd1cab7873a.png,docs/art-source/one-frame-method-fullrun-20260626/gecko-set00-oneframe-62/raw/frame-48-attempt-01-raw.png,docs/art-source/one-frame-method-fullrun-20260626/gecko-set00-oneframe-62/alpha/frame-48-attempt-01-alpha.png,docs/art-source/one-frame-method-fullrun-20260626/gecko-set00-oneframe-62/frames/frame-48.png,docs/art-source/gecko/motion-source/accepted-frames/set00/frame-48.png,0,0,0,promoted_accepted_set00,
49,alert_rest,right-facing side,"alert rest, chest lifted higher, front legs straightened slightly",01,/Users/kyota/.codex/generated_images/019efb9a-b711-77f2-b098-5dce8ddc678d/ig_00a58237dc671f13016a3db3646ba081919e9ff3d34fe6fcd5.png,docs/art-source/one-frame-method-fullrun-20260626/gecko-set00-oneframe-62/raw/frame-49-attempt-01-raw.png,docs/art-source/one-frame-method-fullrun-20260626/gecko-set00-oneframe-62/alpha/frame-49-attempt-01-alpha.png,docs/art-source/one-frame-method-fullrun-20260626/gecko-set00-oneframe-62/frames/frame-49.png,docs/art-source/gecko/motion-source/accepted-frames/set00/frame-49.png,0,0,0,promoted_accepted_set00,
50,alert_rest,right-facing side,"brief upright alert lean without standing fully, all feet remain attached",01,/Users/kyota/.codex/generated_images/019efb9a-b711-77f2-b098-5dce8ddc678d/ig_00a58237dc671f13016a3db39f73248191b2e0969e6f4c498e.png,docs/art-source/one-frame-method-fullrun-20260626/gecko-set00-oneframe-62/raw/frame-50-attempt-01-raw.png,docs/art-source/one-frame-method-fullrun-20260626/gecko-set00-oneframe-62/alpha/frame-50-attempt-01-alpha.png,docs/art-source/one-frame-method-fullrun-20260626/gecko-set00-oneframe-62/frames/frame-50.png,docs/art-source/gecko/motion-source/accepted-frames/set00/frame-50.png,1,1728,0,promoted_accepted_set00,internal_alpha_holes_filled=1
51,alert_rest,right-facing side,"relaxes back down from alert, body lowers smoothly",01,/Users/kyota/.codex/generated_images/019efb9a-b711-77f2-b098-5dce8ddc678d/ig_00a58237dc671f13016a3db3cf40148191a632cab0045816a7.png,docs/art-source/one-frame-method-fullrun-20260626/gecko-set00-oneframe-62/raw/frame-51-attempt-01-raw.png,docs/art-source/one-frame-method-fullrun-20260626/gecko-set00-oneframe-62/alpha/frame-51-attempt-01-alpha.png,docs/art-source/one-frame-method-fullrun-20260626/gecko-set00-oneframe-62/frames/frame-51.png,docs/art-source/gecko/motion-source/accepted-frames/set00/frame-51.png,2,618,0,promoted_accepted_set00,internal_alpha_holes_filled=2
52,face_groom,right-facing side,"face groom start, near front foot lifts toward snout as one connected rounded paw",01,/Users/kyota/.codex/generated_images/019efb9a-b711-77f2-b098-5dce8ddc678d/ig_00a58237dc671f13016a3db40d2cd08191bc88fdcc38e7242b.png,docs/art-source/one-frame-method-fullrun-20260626/gecko-set00-oneframe-62/raw/frame-52-attempt-01-raw.png,docs/art-source/one-frame-method-fullrun-20260626/gecko-set00-oneframe-62/alpha/frame-52-attempt-01-alpha.png,docs/art-source/one-frame-method-fullrun-20260626/gecko-set00-oneframe-62/frames/frame-52.png,docs/art-source/gecko/motion-source/accepted-frames/set00/frame-52.png,1,526,0,promoted_accepted_set00,internal_alpha_holes_filled=1
53,face_groom,right-facing side,"front foot touches snout, head dips, one face only, no detached paw",01,/Users/kyota/.codex/generated_images/019efb9a-b711-77f2-b098-5dce8ddc678d/ig_00a58237dc671f13016a3db44452588191a003fbe3aaea06f4.png,docs/art-source/one-frame-method-fullrun-20260626/gecko-set00-oneframe-62/raw/frame-53-attempt-01-raw.png,docs/art-source/one-frame-method-fullrun-20260626/gecko-set00-oneframe-62/alpha/frame-53-attempt-01-alpha.png,docs/art-source/one-frame-method-fullrun-20260626/gecko-set00-oneframe-62/frames/frame-53.png,docs/art-source/gecko/motion-source/accepted-frames/set00/frame-53.png,1,38,0,promoted_accepted_set00,internal_alpha_holes_filled=1
54,face_groom,right-facing side,"small wiping motion across face, paw connected, tail calm",01,/Users/kyota/.codex/generated_images/019efb9a-b711-77f2-b098-5dce8ddc678d/ig_0f2b089daa00e835016a3db4b476188191982948b2af0e0c9a.png,docs/art-source/one-frame-method-fullrun-20260626/gecko-set00-oneframe-62/raw/frame-54-attempt-01-raw.png,docs/art-source/one-frame-method-fullrun-20260626/gecko-set00-oneframe-62/alpha/frame-54-attempt-01-alpha.png,docs/art-source/one-frame-method-fullrun-20260626/gecko-set00-oneframe-62/frames/frame-54.png,docs/art-source/gecko/motion-source/accepted-frames/set00/frame-54.png,1,71,0,promoted_accepted_set00,internal_alpha_holes_filled=1
55,face_groom,right-facing side,"groom resolves, paw returns to ground, head forward",01,/Users/kyota/.codex/generated_images/019efb9a-b711-77f2-b098-5dce8ddc678d/ig_0f2b089daa00e835016a3db4e2d94c81918f394f91a1636230.png,docs/art-source/one-frame-method-fullrun-20260626/gecko-set00-oneframe-62/raw/frame-55-attempt-01-raw.png,docs/art-source/one-frame-method-fullrun-20260626/gecko-set00-oneframe-62/alpha/frame-55-attempt-01-alpha.png,docs/art-source/one-frame-method-fullrun-20260626/gecko-set00-oneframe-62/frames/frame-55.png,docs/art-source/gecko/motion-source/accepted-frames/set00/frame-55.png,0,0,0,promoted_accepted_set00,
56,reaction_recover,right-facing side,"reaction start, quick flinch, head pulls back, tail flicks upward",01,/Users/kyota/.codex/generated_images/019efb9a-b711-77f2-b098-5dce8ddc678d/ig_0f2b089daa00e835016a3db51eabfc81919871dcdbd504741d.png,docs/art-source/one-frame-method-fullrun-20260626/gecko-set00-oneframe-62/raw/frame-56-attempt-01-raw.png,docs/art-source/one-frame-method-fullrun-20260626/gecko-set00-oneframe-62/alpha/frame-56-attempt-01-alpha.png,docs/art-source/one-frame-method-fullrun-20260626/gecko-set00-oneframe-62/frames/frame-56.png,docs/art-source/gecko/motion-source/accepted-frames/set00/frame-56.png,0,0,0,promoted_accepted_set00,
57,reaction_recover,right-facing side,"reaction peak, body arches slightly, feet still attached, tail high curve",01,/Users/kyota/.codex/generated_images/019efb9a-b711-77f2-b098-5dce8ddc678d/ig_0f2b089daa00e835016a3db549f54481919491822ab6d83a13.png,docs/art-source/one-frame-method-fullrun-20260626/gecko-set00-oneframe-62/raw/frame-57-attempt-01-raw.png,docs/art-source/one-frame-method-fullrun-20260626/gecko-set00-oneframe-62/alpha/frame-57-attempt-01-alpha.png,docs/art-source/one-frame-method-fullrun-20260626/gecko-set00-oneframe-62/frames/frame-57.png,docs/art-source/gecko/motion-source/accepted-frames/set00/frame-57.png,0,0,0,promoted_accepted_set00,
58,reaction_recover,right-facing side,"recovering, body lengthens forward, tail lowering",01,/Users/kyota/.codex/generated_images/019efb9a-b711-77f2-b098-5dce8ddc678d/ig_0f2b089daa00e835016a3db56e86c88191bb003e89719777fa.png,docs/art-source/one-frame-method-fullrun-20260626/gecko-set00-oneframe-62/raw/frame-58-attempt-01-raw.png,docs/art-source/one-frame-method-fullrun-20260626/gecko-set00-oneframe-62/alpha/frame-58-attempt-01-alpha.png,docs/art-source/one-frame-method-fullrun-20260626/gecko-set00-oneframe-62/frames/frame-58.png,docs/art-source/gecko/motion-source/accepted-frames/set00/frame-58.png,0,0,0,promoted_accepted_set00,
59,reaction_recover,right-facing side,"settling, head returns to normal, feet spread to stable stance",01,/Users/kyota/.codex/generated_images/019efb9a-b711-77f2-b098-5dce8ddc678d/ig_0f2b089daa00e835016a3db5a50f188191b3a70989f406a00b.png,docs/art-source/one-frame-method-fullrun-20260626/gecko-set00-oneframe-62/raw/frame-59-attempt-01-raw.png,docs/art-source/one-frame-method-fullrun-20260626/gecko-set00-oneframe-62/alpha/frame-59-attempt-01-alpha.png,docs/art-source/one-frame-method-fullrun-20260626/gecko-set00-oneframe-62/frames/frame-59.png,docs/art-source/gecko/motion-source/accepted-frames/set00/frame-59.png,0,0,0,promoted_accepted_set00,
60,reaction_recover,right-facing side,"nearly neutral, tiny tail-tip flick remains",01,/Users/kyota/.codex/generated_images/019efb9a-b711-77f2-b098-5dce8ddc678d/ig_0f2b089daa00e835016a3db5d7ac688191a6d509c834fdcbee.png,docs/art-source/one-frame-method-fullrun-20260626/gecko-set00-oneframe-62/raw/frame-60-attempt-01-raw.png,docs/art-source/one-frame-method-fullrun-20260626/gecko-set00-oneframe-62/alpha/frame-60-attempt-01-alpha.png,docs/art-source/one-frame-method-fullrun-20260626/gecko-set00-oneframe-62/frames/frame-60.png,docs/art-source/gecko/motion-source/accepted-frames/set00/frame-60.png,0,0,0,promoted_accepted_set00,
61,reaction_recover,right-facing side,"fully recovered neutral gecko, matches frame 00 silhouette closely",01,/Users/kyota/.codex/generated_images/019efb9a-b711-77f2-b098-5dce8ddc678d/ig_0f2b089daa00e835016a3db609dfc881918e17a3ad250b3801.png,docs/art-source/one-frame-method-fullrun-20260626/gecko-set00-oneframe-62/raw/frame-61-attempt-01-raw.png,docs/art-source/one-frame-method-fullrun-20260626/gecko-set00-oneframe-62/alpha/frame-61-attempt-01-alpha.png,docs/art-source/one-frame-method-fullrun-20260626/gecko-set00-oneframe-62/frames/frame-61.png,docs/art-source/gecko/motion-source/accepted-frames/set00/frame-61.png,2,27,0,promoted_accepted_set00,internal_alpha_holes_filled=2
