frame,slot,orientation,pose_notes,attempt,source_imagegen_path,prompt_path,raw_path,alpha_path,frame_path,prepare_report_path,edge_alpha_pixels,greenish_pixels,nonzero_alpha,alpha_bbox,status,notes
00,idle,right-facing side,idle stance; two tiny attached feet requested,01,/Users/kyota/.codex/generated_images/019f0767-666c-7573-a2a5-036c42e7c274/ig_0aa6e3118ee98ee3016a3f56bfbe648191850f2a5edeea3ad4.png,docs/art-source/one-frame-method-fullrun-20260627/budgerigar-green-yellow-footlock-set00-oneframe-62/prompts/frame-00-attempt-01.txt,docs/art-source/one-frame-method-fullrun-20260627/budgerigar-green-yellow-footlock-set00-oneframe-62/raw/frame-00-attempt-01-raw.png,docs/art-source/one-frame-method-fullrun-20260627/budgerigar-green-yellow-footlock-set00-oneframe-62/alpha/frame-00-attempt-01-alpha.png,docs/art-source/one-frame-method-fullrun-20260627/budgerigar-green-yellow-footlock-set00-oneframe-62/frames/frame-00.png,docs/art-source/one-frame-method-fullrun-20260627/budgerigar-green-yellow-footlock-set00-oneframe-62/qa/frame-00-attempt-01-qa.json,0,653,2121,"[6, 4, 90, 58]",candidate,magenta-key source; no-hole-fill normalized; early foot-lock candidate pending contact review
01,idle,right-facing side,idle blink/shift; at least one foot plus rear contact requested,01,/Users/kyota/.codex/generated_images/019f0767-666c-7573-a2a5-036c42e7c274/ig_01ca08a5ca2b9b4a016a3f576da26881918bb448faa4ccfe57.png,docs/art-source/one-frame-method-fullrun-20260627/budgerigar-green-yellow-footlock-set00-oneframe-62/prompts/frame-01-attempt-01.txt,docs/art-source/one-frame-method-fullrun-20260627/budgerigar-green-yellow-footlock-set00-oneframe-62/raw/frame-01-attempt-01-raw.png,docs/art-source/one-frame-method-fullrun-20260627/budgerigar-green-yellow-footlock-set00-oneframe-62/alpha/frame-01-attempt-01-alpha.png,docs/art-source/one-frame-method-fullrun-20260627/budgerigar-green-yellow-footlock-set00-oneframe-62/frames/frame-01.png,docs/art-source/one-frame-method-fullrun-20260627/budgerigar-green-yellow-footlock-set00-oneframe-62/qa/frame-01-attempt-01-qa.json,0,639,2122,"[6, 4, 90, 58]",candidate,magenta-key source; no-hole-fill normalized; early foot-lock candidate pending contact review
02,idle,right-facing side,idle lean; two short attached feet or foot plus rear toe requested,01,/Users/kyota/.codex/generated_images/019f0767-666c-7573-a2a5-036c42e7c274/ig_076138b088bbbed3016a3f57e708208191b09accdda5e49696.png,docs/art-source/one-frame-method-fullrun-20260627/budgerigar-green-yellow-footlock-set00-oneframe-62/prompts/frame-02-attempt-01.txt,docs/art-source/one-frame-method-fullrun-20260627/budgerigar-green-yellow-footlock-set00-oneframe-62/raw/frame-02-attempt-01-raw.png,docs/art-source/one-frame-method-fullrun-20260627/budgerigar-green-yellow-footlock-set00-oneframe-62/alpha/frame-02-attempt-01-alpha.png,docs/art-source/one-frame-method-fullrun-20260627/budgerigar-green-yellow-footlock-set00-oneframe-62/frames/frame-02.png,docs/art-source/one-frame-method-fullrun-20260627/budgerigar-green-yellow-footlock-set00-oneframe-62/qa/frame-02-attempt-01-qa.json,0,593,1860,"[6, 11, 90, 58]",candidate,magenta-key source; no-hole-fill normalized; early foot-lock candidate pending contact review
03,idle,right-facing side,idle head tilt; at least one clear attached toe/contact point requested,01,/Users/kyota/.codex/generated_images/019f0767-666c-7573-a2a5-036c42e7c274/ig_0d3f09f62a5da4bf016a3f58425818819188bdd899cbe4d2d9.png,docs/art-source/one-frame-method-fullrun-20260627/budgerigar-green-yellow-footlock-set00-oneframe-62/prompts/frame-03-attempt-01.txt,docs/art-source/one-frame-method-fullrun-20260627/budgerigar-green-yellow-footlock-set00-oneframe-62/raw/frame-03-attempt-01-raw.png,docs/art-source/one-frame-method-fullrun-20260627/budgerigar-green-yellow-footlock-set00-oneframe-62/alpha/frame-03-attempt-01-alpha.png,docs/art-source/one-frame-method-fullrun-20260627/budgerigar-green-yellow-footlock-set00-oneframe-62/frames/frame-03.png,docs/art-source/one-frame-method-fullrun-20260627/budgerigar-green-yellow-footlock-set00-oneframe-62/qa/frame-03-attempt-01-qa.json,0,675,1897,"[6, 7, 90, 58]",candidate,magenta-key source; no-hole-fill normalized; early foot-lock candidate pending contact review
04,walk,right-facing side,first walk step; front foot planted plus rear foot/contact requested,01,/Users/kyota/.codex/generated_images/019f0767-666c-7573-a2a5-036c42e7c274/ig_08736fb6d0213a67016a3f58a8d5308191bd23c4392ade9e4d.png,docs/art-source/one-frame-method-fullrun-20260627/budgerigar-green-yellow-footlock-set00-oneframe-62/prompts/frame-04-attempt-01.txt,docs/art-source/one-frame-method-fullrun-20260627/budgerigar-green-yellow-footlock-set00-oneframe-62/raw/frame-04-attempt-01-raw.png,docs/art-source/one-frame-method-fullrun-20260627/budgerigar-green-yellow-footlock-set00-oneframe-62/alpha/frame-04-attempt-01-alpha.png,docs/art-source/one-frame-method-fullrun-20260627/budgerigar-green-yellow-footlock-set00-oneframe-62/frames/frame-04.png,docs/art-source/one-frame-method-fullrun-20260627/budgerigar-green-yellow-footlock-set00-oneframe-62/qa/frame-04-attempt-01-qa.json,0,660,2065,"[6, 6, 90, 58]",candidate,magenta-key source; no-hole-fill normalized; early foot-lock candidate pending contact review
05,walk,right-facing side,walk step; near foot forward and rear foot back; visible attached foot contact,01,/Users/kyota/.codex/generated_images/019f0767-666c-7573-a2a5-036c42e7c274/ig_003d7798f854b529016a3f5c20a8608191a223ddc9c3765f1d.png,docs/art-source/one-frame-method-fullrun-20260627/budgerigar-green-yellow-footlock-set00-oneframe-62/prompts/frame-05-attempt-01.txt,docs/art-source/one-frame-method-fullrun-20260627/budgerigar-green-yellow-footlock-set00-oneframe-62/raw/frame-05-attempt-01-raw.png,docs/art-source/one-frame-method-fullrun-20260627/budgerigar-green-yellow-footlock-set00-oneframe-62/alpha/frame-05-attempt-01-alpha.png,docs/art-source/one-frame-method-fullrun-20260627/budgerigar-green-yellow-footlock-set00-oneframe-62/frames/frame-05.png,docs/art-source/one-frame-method-fullrun-20260627/budgerigar-green-yellow-footlock-set00-oneframe-62/qa/frame-05-attempt-01-qa.json,0,616,1912,"[6, 8, 90, 58]",candidate,05-12 continuation candidate; foot-lock prompt
06,walk,right-facing side,walk mid-step; two short attached feet or foot plus rear toe contact visible,01,/Users/kyota/.codex/generated_images/019f0767-666c-7573-a2a5-036c42e7c274/ig_01c7013d76a62532016a3f5c87e5e48191a6fdbc85a1ab48b5.png,docs/art-source/one-frame-method-fullrun-20260627/budgerigar-green-yellow-footlock-set00-oneframe-62/prompts/frame-06-attempt-01.txt,docs/art-source/one-frame-method-fullrun-20260627/budgerigar-green-yellow-footlock-set00-oneframe-62/raw/frame-06-attempt-01-raw.png,docs/art-source/one-frame-method-fullrun-20260627/budgerigar-green-yellow-footlock-set00-oneframe-62/alpha/frame-06-attempt-01-alpha.png,docs/art-source/one-frame-method-fullrun-20260627/budgerigar-green-yellow-footlock-set00-oneframe-62/frames/frame-06.png,docs/art-source/one-frame-method-fullrun-20260627/budgerigar-green-yellow-footlock-set00-oneframe-62/qa/frame-06-attempt-01-qa.json,0,600,1868,"[6, 9, 90, 58]",candidate,05-12 continuation candidate; foot-lock prompt
07,walk,right-facing side,walk foot-lift; one raised foot plus one attached planted foot/contact visible,01,/Users/kyota/.codex/generated_images/019f0767-666c-7573-a2a5-036c42e7c274/ig_0d1ba0089146ed93016a3f5d0b5ed481919a1b47016e78af0f.png,docs/art-source/one-frame-method-fullrun-20260627/budgerigar-green-yellow-footlock-set00-oneframe-62/prompts/frame-07-attempt-01.txt,docs/art-source/one-frame-method-fullrun-20260627/budgerigar-green-yellow-footlock-set00-oneframe-62/raw/frame-07-attempt-01-raw.png,docs/art-source/one-frame-method-fullrun-20260627/budgerigar-green-yellow-footlock-set00-oneframe-62/alpha/frame-07-attempt-01-alpha.png,docs/art-source/one-frame-method-fullrun-20260627/budgerigar-green-yellow-footlock-set00-oneframe-62/frames/frame-07.png,docs/art-source/one-frame-method-fullrun-20260627/budgerigar-green-yellow-footlock-set00-oneframe-62/qa/frame-07-attempt-01-qa.json,0,621,1947,"[6, 7, 90, 58]",candidate,05-12 continuation candidate; foot-lock prompt
08,walk,right-facing side,quick hop-walk; one attached foot/contact visible under body,01,/Users/kyota/.codex/generated_images/019f0767-666c-7573-a2a5-036c42e7c274/ig_00465fd583f33d99016a3f5d5e2a2c81918cc0a1c246ba7af1.png,docs/art-source/one-frame-method-fullrun-20260627/budgerigar-green-yellow-footlock-set00-oneframe-62/prompts/frame-08-attempt-01.txt,docs/art-source/one-frame-method-fullrun-20260627/budgerigar-green-yellow-footlock-set00-oneframe-62/raw/frame-08-attempt-01-raw.png,docs/art-source/one-frame-method-fullrun-20260627/budgerigar-green-yellow-footlock-set00-oneframe-62/alpha/frame-08-attempt-01-alpha.png,docs/art-source/one-frame-method-fullrun-20260627/budgerigar-green-yellow-footlock-set00-oneframe-62/frames/frame-08.png,docs/art-source/one-frame-method-fullrun-20260627/budgerigar-green-yellow-footlock-set00-oneframe-62/qa/frame-08-attempt-01-qa.json,0,620,1939,"[6, 8, 90, 58]",candidate,"05-12 continuation candidate; one foot lifted, planted foot visible"
09,walk,right-facing side,hop-walk landing; two short attached foot/toe contacts visible,01,/Users/kyota/.codex/generated_images/019f0767-666c-7573-a2a5-036c42e7c274/ig_0e13fc352b812eb4016a3f5db5778c819190f26c41c42d1cf6.png,docs/art-source/one-frame-method-fullrun-20260627/budgerigar-green-yellow-footlock-set00-oneframe-62/prompts/frame-09-attempt-01.txt,docs/art-source/one-frame-method-fullrun-20260627/budgerigar-green-yellow-footlock-set00-oneframe-62/raw/frame-09-attempt-01-raw.png,docs/art-source/one-frame-method-fullrun-20260627/budgerigar-green-yellow-footlock-set00-oneframe-62/alpha/frame-09-attempt-01-alpha.png,docs/art-source/one-frame-method-fullrun-20260627/budgerigar-green-yellow-footlock-set00-oneframe-62/frames/frame-09.png,docs/art-source/one-frame-method-fullrun-20260627/budgerigar-green-yellow-footlock-set00-oneframe-62/qa/frame-09-attempt-01-qa.json,0,630,1920,"[6, 9, 90, 58]",candidate,05-12 continuation candidate; strong foot contacts
10,walk,right-facing side,walk recovery; front foot planted and rear toe/contact visible,01,/Users/kyota/.codex/generated_images/019f0767-666c-7573-a2a5-036c42e7c274/ig_0ceb2d16c19c88fd016a3f6460c6508191a5bfcc0df277ab45.png,docs/art-source/one-frame-method-fullrun-20260627/budgerigar-green-yellow-footlock-set00-oneframe-62/prompts/frame-10-attempt-01.txt,docs/art-source/one-frame-method-fullrun-20260627/budgerigar-green-yellow-footlock-set00-oneframe-62/raw/frame-10-attempt-01-raw.png,docs/art-source/one-frame-method-fullrun-20260627/budgerigar-green-yellow-footlock-set00-oneframe-62/alpha/frame-10-attempt-01-alpha.png,docs/art-source/one-frame-method-fullrun-20260627/budgerigar-green-yellow-footlock-set00-oneframe-62/frames/frame-10.png,docs/art-source/one-frame-method-fullrun-20260627/budgerigar-green-yellow-footlock-set00-oneframe-62/qa/frame-10-attempt-01-qa.json,0,579,1879,"[6, 10, 90, 58]",candidate,10-12 continuation candidate; clear attached toes
11,walk,right-facing side,walk settle; attached foot and toe/contact visible under body,01,/Users/kyota/.codex/generated_images/019f0767-666c-7573-a2a5-036c42e7c274/ig_06528dab934ccc78016a3f64e56d388191bfe4ca4df7ef437e.png,docs/art-source/one-frame-method-fullrun-20260627/budgerigar-green-yellow-footlock-set00-oneframe-62/prompts/frame-11-attempt-01.txt,docs/art-source/one-frame-method-fullrun-20260627/budgerigar-green-yellow-footlock-set00-oneframe-62/raw/frame-11-attempt-01-raw.png,docs/art-source/one-frame-method-fullrun-20260627/budgerigar-green-yellow-footlock-set00-oneframe-62/alpha/frame-11-attempt-01-alpha.png,docs/art-source/one-frame-method-fullrun-20260627/budgerigar-green-yellow-footlock-set00-oneframe-62/frames/frame-11.png,docs/art-source/one-frame-method-fullrun-20260627/budgerigar-green-yellow-footlock-set00-oneframe-62/qa/frame-11-attempt-01-qa.json,0,657,2013,"[6, 6, 90, 58]",candidate,10-12 continuation candidate; feet visible; check scale in contact
12,fast,right-facing side,fast movement start; attached foot/toe contact visible under body,01,/Users/kyota/.codex/generated_images/019f0767-666c-7573-a2a5-036c42e7c274/ig_0664caa690a23649016a3f65a6d80881919cebe8f13f12a15b.png,docs/art-source/one-frame-method-fullrun-20260627/budgerigar-green-yellow-footlock-set00-oneframe-62/prompts/frame-12-attempt-01.txt,docs/art-source/one-frame-method-fullrun-20260627/budgerigar-green-yellow-footlock-set00-oneframe-62/raw/frame-12-attempt-01-raw.png,docs/art-source/one-frame-method-fullrun-20260627/budgerigar-green-yellow-footlock-set00-oneframe-62/alpha/frame-12-attempt-01-alpha.png,docs/art-source/one-frame-method-fullrun-20260627/budgerigar-green-yellow-footlock-set00-oneframe-62/frames/frame-12.png,docs/art-source/one-frame-method-fullrun-20260627/budgerigar-green-yellow-footlock-set00-oneframe-62/qa/frame-12-attempt-01-qa.json,0,411,1220,"[6, 26, 90, 58]",candidate,10-12 continuation candidate; foot-lock prompt
13,fast,right-facing side,crouched fast-transition continuation; attached pink toe contact visible,01,/Users/kyota/.codex/generated_images/019f0767-666c-7573-a2a5-036c42e7c274/ig_041c69dee2e2d46d016a3f67d5d2f0819197b791cbf5c3c6a3.png,docs/art-source/one-frame-method-fullrun-20260627/budgerigar-green-yellow-footlock-set00-oneframe-62/prompts/frame-13-attempt-01.txt,docs/art-source/one-frame-method-fullrun-20260627/budgerigar-green-yellow-footlock-set00-oneframe-62/raw/frame-13-attempt-01-raw.png,docs/art-source/one-frame-method-fullrun-20260627/budgerigar-green-yellow-footlock-set00-oneframe-62/alpha/frame-13-attempt-01-alpha.png,docs/art-source/one-frame-method-fullrun-20260627/budgerigar-green-yellow-footlock-set00-oneframe-62/frames/frame-13.png,docs/art-source/one-frame-method-fullrun-20260627/budgerigar-green-yellow-footlock-set00-oneframe-62/qa/frame-13-attempt-01-qa.json,0,368,1145,"[6, 31, 90, 58]",candidate,13-20 parent-approved continuation; visible attached pink toes
14,fast,right-facing side,fast-transition push; two attached pink toe contacts visible,01,/Users/kyota/.codex/generated_images/019f0767-666c-7573-a2a5-036c42e7c274/ig_0c5a20177e59edbf016a3f681a3ea08191b71c0856b9979655.png,docs/art-source/one-frame-method-fullrun-20260627/budgerigar-green-yellow-footlock-set00-oneframe-62/prompts/frame-14-attempt-01.txt,docs/art-source/one-frame-method-fullrun-20260627/budgerigar-green-yellow-footlock-set00-oneframe-62/raw/frame-14-attempt-01-raw.png,docs/art-source/one-frame-method-fullrun-20260627/budgerigar-green-yellow-footlock-set00-oneframe-62/alpha/frame-14-attempt-01-alpha.png,docs/art-source/one-frame-method-fullrun-20260627/budgerigar-green-yellow-footlock-set00-oneframe-62/frames/frame-14.png,docs/art-source/one-frame-method-fullrun-20260627/budgerigar-green-yellow-footlock-set00-oneframe-62/qa/frame-14-attempt-01-qa.json,0,331,1102,"[6, 35, 90, 58]",candidate,13-20 continuation; clear pink toe contacts
15,fast,right-facing side,fast-transition stride; two attached pink toe contacts visible,01,/Users/kyota/.codex/generated_images/019f0767-666c-7573-a2a5-036c42e7c274/ig_016c3c56005de718016a3f68794ee08191b897960b39b3da44.png,docs/art-source/one-frame-method-fullrun-20260627/budgerigar-green-yellow-footlock-set00-oneframe-62/prompts/frame-15-attempt-01.txt,docs/art-source/one-frame-method-fullrun-20260627/budgerigar-green-yellow-footlock-set00-oneframe-62/raw/frame-15-attempt-01-raw.png,docs/art-source/one-frame-method-fullrun-20260627/budgerigar-green-yellow-footlock-set00-oneframe-62/alpha/frame-15-attempt-01-alpha.png,docs/art-source/one-frame-method-fullrun-20260627/budgerigar-green-yellow-footlock-set00-oneframe-62/frames/frame-15.png,docs/art-source/one-frame-method-fullrun-20260627/budgerigar-green-yellow-footlock-set00-oneframe-62/qa/frame-15-attempt-01-qa.json,0,344,1151,"[6, 32, 90, 58]",candidate,13-20 continuation; check foot length in contact sheet
16,fast,right-facing side,fast low mid-step; attached pink toe contacts visible,01,/Users/kyota/.codex/generated_images/019f0767-666c-7573-a2a5-036c42e7c274/ig_05e4ae6e41341e3f016a3f68c69a948191b77a8cec5b162956.png,docs/art-source/one-frame-method-fullrun-20260627/budgerigar-green-yellow-footlock-set00-oneframe-62/prompts/frame-16-attempt-01.txt,docs/art-source/one-frame-method-fullrun-20260627/budgerigar-green-yellow-footlock-set00-oneframe-62/raw/frame-16-attempt-01-raw.png,docs/art-source/one-frame-method-fullrun-20260627/budgerigar-green-yellow-footlock-set00-oneframe-62/alpha/frame-16-attempt-01-alpha.png,docs/art-source/one-frame-method-fullrun-20260627/budgerigar-green-yellow-footlock-set00-oneframe-62/frames/frame-16.png,docs/art-source/one-frame-method-fullrun-20260627/budgerigar-green-yellow-footlock-set00-oneframe-62/qa/frame-16-attempt-01-qa.json,0,372,1195,"[6, 33, 90, 58]",candidate,13-20 continuation; clear yellow-green identity and toe contact
17,fast,right-facing side,fast-transition recovery; two attached pink toe contacts visible,01,/Users/kyota/.codex/generated_images/019f0767-666c-7573-a2a5-036c42e7c274/ig_058bb78175a4242f016a3f6914edfc8191b208b7394c5366ed.png,docs/art-source/one-frame-method-fullrun-20260627/budgerigar-green-yellow-footlock-set00-oneframe-62/prompts/frame-17-attempt-01.txt,docs/art-source/one-frame-method-fullrun-20260627/budgerigar-green-yellow-footlock-set00-oneframe-62/raw/frame-17-attempt-01-raw.png,docs/art-source/one-frame-method-fullrun-20260627/budgerigar-green-yellow-footlock-set00-oneframe-62/alpha/frame-17-attempt-01-alpha.png,docs/art-source/one-frame-method-fullrun-20260627/budgerigar-green-yellow-footlock-set00-oneframe-62/frames/frame-17.png,docs/art-source/one-frame-method-fullrun-20260627/budgerigar-green-yellow-footlock-set00-oneframe-62/qa/frame-17-attempt-01-qa.json,0,376,1174,"[6, 33, 90, 58]",candidate,13-20 continuation; clear two attached pink toe contacts
18,fast,right-facing side,fast-transition low hop; attached pink toe contact visible,01,/Users/kyota/.codex/generated_images/019f0767-666c-7573-a2a5-036c42e7c274/ig_0641283038353d4e016a3f6971ba808191b90e71a2561bdd7b.png,docs/art-source/one-frame-method-fullrun-20260627/budgerigar-green-yellow-footlock-set00-oneframe-62/prompts/frame-18-attempt-01.txt,docs/art-source/one-frame-method-fullrun-20260627/budgerigar-green-yellow-footlock-set00-oneframe-62/raw/frame-18-attempt-01-raw.png,docs/art-source/one-frame-method-fullrun-20260627/budgerigar-green-yellow-footlock-set00-oneframe-62/alpha/frame-18-attempt-01-alpha.png,docs/art-source/one-frame-method-fullrun-20260627/budgerigar-green-yellow-footlock-set00-oneframe-62/frames/frame-18.png,docs/art-source/one-frame-method-fullrun-20260627/budgerigar-green-yellow-footlock-set00-oneframe-62/qa/frame-18-attempt-01-qa.json,0,381,1078,"[6, 37, 90, 58]",candidate,"13-20 continuation; pink foot visible, check dark claw pixels in contact sheet"
19,fast,right-facing side,fast-transition landing; attached toe contact visible,01,/Users/kyota/.codex/generated_images/019f06a8-9dba-7f50-be95-a2f55e756ba2/ig_07cbbf5b4c892c7f016a3f8d9c2608819186fdbc1dfd32d25b.png,docs/art-source/one-frame-method-fullrun-20260627/budgerigar-green-yellow-footlock-set00-oneframe-62/prompts/frame-19-attempt-01.txt,docs/art-source/one-frame-method-fullrun-20260627/budgerigar-green-yellow-footlock-set00-oneframe-62/raw/frame-19-attempt-01-raw.png,docs/art-source/one-frame-method-fullrun-20260627/budgerigar-green-yellow-footlock-set00-oneframe-62/alpha/frame-19-attempt-01-alpha.png,docs/art-source/one-frame-method-fullrun-20260627/budgerigar-green-yellow-footlock-set00-oneframe-62/frames/frame-19.png,docs/art-source/one-frame-method-fullrun-20260627/budgerigar-green-yellow-footlock-set00-oneframe-62/qa/frame-19-attempt-01-qa.json,0,494,1501,"[6, 29, 90, 58]",candidate,frame-19 pilot from explicit ImageGen output; foot-lock continuation
20,sniff,right-facing side,fast-transition settle; attached toe contact visible,01,/Users/kyota/.codex/generated_images/019f06a8-9dba-7f50-be95-a2f55e756ba2/ig_0c603bf9129b1241016a3f8e2b76a08191902ec096d5ecac62.png,docs/art-source/one-frame-method-fullrun-20260627/budgerigar-green-yellow-footlock-set00-oneframe-62/prompts/frame-20-attempt-01.txt,docs/art-source/one-frame-method-fullrun-20260627/budgerigar-green-yellow-footlock-set00-oneframe-62/raw/frame-20-attempt-01-raw.png,docs/art-source/one-frame-method-fullrun-20260627/budgerigar-green-yellow-footlock-set00-oneframe-62/alpha/frame-20-attempt-01-alpha.png,docs/art-source/one-frame-method-fullrun-20260627/budgerigar-green-yellow-footlock-set00-oneframe-62/frames/frame-20.png,docs/art-source/one-frame-method-fullrun-20260627/budgerigar-green-yellow-footlock-set00-oneframe-62/qa/frame-20-attempt-01-qa.json,0,466,1368,"[6, 30, 90, 58]",candidate,frame-20 pilot from explicit ImageGen output; foot-lock continuation
21,sniff,right-facing side,sniff/nibble head-dip; attached toe contacts visible,01,/Users/kyota/.codex/generated_images/019f06a8-9dba-7f50-be95-a2f55e756ba2/ig_055cce5c6920227b016a3f8edaec488191bf2049b0316ee0e4.png,docs/art-source/one-frame-method-fullrun-20260627/budgerigar-green-yellow-footlock-set00-oneframe-62/prompts/frame-21-attempt-01.txt,docs/art-source/one-frame-method-fullrun-20260627/budgerigar-green-yellow-footlock-set00-oneframe-62/raw/frame-21-attempt-01-raw.png,docs/art-source/one-frame-method-fullrun-20260627/budgerigar-green-yellow-footlock-set00-oneframe-62/alpha/frame-21-attempt-01-alpha.png,docs/art-source/one-frame-method-fullrun-20260627/budgerigar-green-yellow-footlock-set00-oneframe-62/frames/frame-21.png,docs/art-source/one-frame-method-fullrun-20260627/budgerigar-green-yellow-footlock-set00-oneframe-62/qa/frame-21-attempt-01-qa.json,0,355,1233,"[6, 36, 90, 58]",candidate,frame-21 explicit ImageGen output; sniff/nibble continuation
22,sniff,right-facing side,sniff/nibble low peck; attached toe contacts visible,01,/Users/kyota/.codex/generated_images/019f06a8-9dba-7f50-be95-a2f55e756ba2/ig_066dd1b53e6e2c03016a3f8f6fd1fc8191a20a7cb3cc5fd8f5.png,docs/art-source/one-frame-method-fullrun-20260627/budgerigar-green-yellow-footlock-set00-oneframe-62/prompts/frame-22-attempt-01.txt,docs/art-source/one-frame-method-fullrun-20260627/budgerigar-green-yellow-footlock-set00-oneframe-62/raw/frame-22-attempt-01-raw.png,docs/art-source/one-frame-method-fullrun-20260627/budgerigar-green-yellow-footlock-set00-oneframe-62/alpha/frame-22-attempt-01-alpha.png,docs/art-source/one-frame-method-fullrun-20260627/budgerigar-green-yellow-footlock-set00-oneframe-62/frames/frame-22.png,docs/art-source/one-frame-method-fullrun-20260627/budgerigar-green-yellow-footlock-set00-oneframe-62/qa/frame-22-attempt-01-qa.json,0,350,1207,"[6, 37, 90, 58]",candidate,frame-22 explicit ImageGen output; sniff/nibble low peck
23,sniff,right-facing side,sniff/nibble lift; two attached feet visible,01,/Users/kyota/.codex/generated_images/019f06a8-9dba-7f50-be95-a2f55e756ba2/ig_0ec53b1d9674d90c016a3f8fd2ca4c8191b66a088ec406546a.png,docs/art-source/one-frame-method-fullrun-20260627/budgerigar-green-yellow-footlock-set00-oneframe-62/prompts/frame-23-attempt-01.txt,docs/art-source/one-frame-method-fullrun-20260627/budgerigar-green-yellow-footlock-set00-oneframe-62/raw/frame-23-attempt-01-raw.png,docs/art-source/one-frame-method-fullrun-20260627/budgerigar-green-yellow-footlock-set00-oneframe-62/alpha/frame-23-attempt-01-alpha.png,docs/art-source/one-frame-method-fullrun-20260627/budgerigar-green-yellow-footlock-set00-oneframe-62/frames/frame-23.png,docs/art-source/one-frame-method-fullrun-20260627/budgerigar-green-yellow-footlock-set00-oneframe-62/qa/frame-23-attempt-01-qa.json,0,441,1248,"[6, 30, 90, 58]",candidate,frame-23 explicit ImageGen output; rising from sniff/nibble
24,sniff,right-facing side,sniff/nibble settle; two attached feet visible,01,/Users/kyota/.codex/generated_images/019f06a8-9dba-7f50-be95-a2f55e756ba2/ig_0fae40651420ee71016a3f903642a48191a02968db5fb4c8c1.png,docs/art-source/one-frame-method-fullrun-20260627/budgerigar-green-yellow-footlock-set00-oneframe-62/prompts/frame-24-attempt-01.txt,docs/art-source/one-frame-method-fullrun-20260627/budgerigar-green-yellow-footlock-set00-oneframe-62/raw/frame-24-attempt-01-raw.png,docs/art-source/one-frame-method-fullrun-20260627/budgerigar-green-yellow-footlock-set00-oneframe-62/alpha/frame-24-attempt-01-alpha.png,docs/art-source/one-frame-method-fullrun-20260627/budgerigar-green-yellow-footlock-set00-oneframe-62/frames/frame-24.png,docs/art-source/one-frame-method-fullrun-20260627/budgerigar-green-yellow-footlock-set00-oneframe-62/qa/frame-24-attempt-01-qa.json,0,543,1443,"[6, 22, 90, 58]",candidate,frame-24 explicit ImageGen output; returning toward normal stance
25,sniff,right-facing side,sniff/nibble finish; two attached feet visible,01,/Users/kyota/.codex/generated_images/019f06a8-9dba-7f50-be95-a2f55e756ba2/ig_03a44b694a4bb139016a3f90b0f8408191801775484da8b344.png,docs/art-source/one-frame-method-fullrun-20260627/budgerigar-green-yellow-footlock-set00-oneframe-62/prompts/frame-25-attempt-01.txt,docs/art-source/one-frame-method-fullrun-20260627/budgerigar-green-yellow-footlock-set00-oneframe-62/raw/frame-25-attempt-01-raw.png,docs/art-source/one-frame-method-fullrun-20260627/budgerigar-green-yellow-footlock-set00-oneframe-62/alpha/frame-25-attempt-01-alpha.png,docs/art-source/one-frame-method-fullrun-20260627/budgerigar-green-yellow-footlock-set00-oneframe-62/frames/frame-25.png,docs/art-source/one-frame-method-fullrun-20260627/budgerigar-green-yellow-footlock-set00-oneframe-62/qa/frame-25-attempt-01-qa.json,0,467,1354,"[6, 26, 90, 58]",candidate,frame-25 explicit ImageGen output; sniff/nibble finish
26,action,right-facing side,wing-ruffle start; two attached feet visible,01,/Users/kyota/.codex/generated_images/019f06a8-9dba-7f50-be95-a2f55e756ba2/ig_0d8b14dbb4889814016a3f91a110b88191aa72745a23ac5b82.png,docs/art-source/one-frame-method-fullrun-20260627/budgerigar-green-yellow-footlock-set00-oneframe-62/prompts/frame-26-attempt-01.txt,docs/art-source/one-frame-method-fullrun-20260627/budgerigar-green-yellow-footlock-set00-oneframe-62/raw/frame-26-attempt-01-raw.png,docs/art-source/one-frame-method-fullrun-20260627/budgerigar-green-yellow-footlock-set00-oneframe-62/alpha/frame-26-attempt-01-alpha.png,docs/art-source/one-frame-method-fullrun-20260627/budgerigar-green-yellow-footlock-set00-oneframe-62/frames/frame-26.png,docs/art-source/one-frame-method-fullrun-20260627/budgerigar-green-yellow-footlock-set00-oneframe-62/qa/frame-26-attempt-01-qa.json,0,517,1580,"[6, 19, 90, 58]",candidate,frame-26 explicit ImageGen output; species action start
27,action,right-facing side,small wing ruffle; two attached feet visible,01,/Users/kyota/.codex/generated_images/019f06a8-9dba-7f50-be95-a2f55e756ba2/ig_0fe1323f4e31ce4d016a3f9205e5c881919ebc0cb92e88606c.png,docs/art-source/one-frame-method-fullrun-20260627/budgerigar-green-yellow-footlock-set00-oneframe-62/prompts/frame-27-attempt-01.txt,docs/art-source/one-frame-method-fullrun-20260627/budgerigar-green-yellow-footlock-set00-oneframe-62/raw/frame-27-attempt-01-raw.png,docs/art-source/one-frame-method-fullrun-20260627/budgerigar-green-yellow-footlock-set00-oneframe-62/alpha/frame-27-attempt-01-alpha.png,docs/art-source/one-frame-method-fullrun-20260627/budgerigar-green-yellow-footlock-set00-oneframe-62/frames/frame-27.png,docs/art-source/one-frame-method-fullrun-20260627/budgerigar-green-yellow-footlock-set00-oneframe-62/qa/frame-27-attempt-01-qa.json,0,584,1686,"[6, 19, 90, 58]",candidate,frame-27 explicit ImageGen output; compact ruffle
28,action,right-facing side,small feather ruffle peak; two attached feet visible,01,/Users/kyota/.codex/generated_images/019f06a8-9dba-7f50-be95-a2f55e756ba2/ig_0f333ea2b977c5d8016a3f92ad4f408191906300ee227babee.png,docs/art-source/one-frame-method-fullrun-20260627/budgerigar-green-yellow-footlock-set00-oneframe-62/prompts/frame-28-attempt-01.txt,docs/art-source/one-frame-method-fullrun-20260627/budgerigar-green-yellow-footlock-set00-oneframe-62/raw/frame-28-attempt-01-raw.png,docs/art-source/one-frame-method-fullrun-20260627/budgerigar-green-yellow-footlock-set00-oneframe-62/alpha/frame-28-attempt-01-alpha.png,docs/art-source/one-frame-method-fullrun-20260627/budgerigar-green-yellow-footlock-set00-oneframe-62/frames/frame-28.png,docs/art-source/one-frame-method-fullrun-20260627/budgerigar-green-yellow-footlock-set00-oneframe-62/qa/frame-28-attempt-01-qa.json,0,774,2079,"[6, 11, 90, 58]",candidate,frame-28 explicit ImageGen output; compact ruffle peak
28,action,right-facing side,subtle ruffle peak; two attached feet visible,02,/Users/kyota/.codex/generated_images/019f06a8-9dba-7f50-be95-a2f55e756ba2/ig_0469f54480326eb2016a3f934762fc81918dd34e8d1d6798d4.png,docs/art-source/one-frame-method-fullrun-20260627/budgerigar-green-yellow-footlock-set00-oneframe-62/prompts/frame-28-attempt-02.txt,docs/art-source/one-frame-method-fullrun-20260627/budgerigar-green-yellow-footlock-set00-oneframe-62/raw/frame-28-attempt-02-raw.png,docs/art-source/one-frame-method-fullrun-20260627/budgerigar-green-yellow-footlock-set00-oneframe-62/alpha/frame-28-attempt-02-alpha.png,docs/art-source/one-frame-method-fullrun-20260627/budgerigar-green-yellow-footlock-set00-oneframe-62/frames/frame-28.png,docs/art-source/one-frame-method-fullrun-20260627/budgerigar-green-yellow-footlock-set00-oneframe-62/qa/frame-28-attempt-02-qa.json,0,563,1639,"[6, 19, 90, 58]",candidate,frame-28 retry attempt-02; attempt-01 rejected as too large
29,action,right-facing side,small tail flick; two attached feet visible,01,/Users/kyota/.codex/generated_images/019f06a8-9dba-7f50-be95-a2f55e756ba2/ig_074116f1d447772f016a3f93ad1c048191bd6b1596560d14f8.png,docs/art-source/one-frame-method-fullrun-20260627/budgerigar-green-yellow-footlock-set00-oneframe-62/prompts/frame-29-attempt-01.txt,docs/art-source/one-frame-method-fullrun-20260627/budgerigar-green-yellow-footlock-set00-oneframe-62/raw/frame-29-attempt-01-raw.png,docs/art-source/one-frame-method-fullrun-20260627/budgerigar-green-yellow-footlock-set00-oneframe-62/alpha/frame-29-attempt-01-alpha.png,docs/art-source/one-frame-method-fullrun-20260627/budgerigar-green-yellow-footlock-set00-oneframe-62/frames/frame-29.png,docs/art-source/one-frame-method-fullrun-20260627/budgerigar-green-yellow-footlock-set00-oneframe-62/qa/frame-29-attempt-01-qa.json,0,547,1512,"[6, 20, 90, 58]",candidate,frame-29 explicit ImageGen output; tail flick
30,action,right-facing side,ruffle settling; two attached feet visible,01,/Users/kyota/.codex/generated_images/019f06a8-9dba-7f50-be95-a2f55e756ba2/ig_051d3af166f9ad9f016a3f966e016481918a7148d1d150f61e.png,docs/art-source/one-frame-method-fullrun-20260627/budgerigar-green-yellow-footlock-set00-oneframe-62/prompts/frame-30-attempt-01.txt,docs/art-source/one-frame-method-fullrun-20260627/budgerigar-green-yellow-footlock-set00-oneframe-62/raw/frame-30-attempt-01-raw.png,docs/art-source/one-frame-method-fullrun-20260627/budgerigar-green-yellow-footlock-set00-oneframe-62/alpha/frame-30-attempt-01-alpha.png,docs/art-source/one-frame-method-fullrun-20260627/budgerigar-green-yellow-footlock-set00-oneframe-62/frames/frame-30.png,docs/art-source/one-frame-method-fullrun-20260627/budgerigar-green-yellow-footlock-set00-oneframe-62/qa/frame-30-attempt-01-qa.json,0,558,1456,"[6, 22, 90, 58]",candidate,frame-30 explicit ImageGen output; ruffle settle
31,action,right-facing side,action finish; two attached feet visible,01,/Users/kyota/.codex/generated_images/019f06a8-9dba-7f50-be95-a2f55e756ba2/ig_0b0a25863e4e211d016a3f96c37560819192e23f0f8bf1cdf2.png,docs/art-source/one-frame-method-fullrun-20260627/budgerigar-green-yellow-footlock-set00-oneframe-62/prompts/frame-31-attempt-01.txt,docs/art-source/one-frame-method-fullrun-20260627/budgerigar-green-yellow-footlock-set00-oneframe-62/raw/frame-31-attempt-01-raw.png,docs/art-source/one-frame-method-fullrun-20260627/budgerigar-green-yellow-footlock-set00-oneframe-62/alpha/frame-31-attempt-01-alpha.png,docs/art-source/one-frame-method-fullrun-20260627/budgerigar-green-yellow-footlock-set00-oneframe-62/frames/frame-31.png,docs/art-source/one-frame-method-fullrun-20260627/budgerigar-green-yellow-footlock-set00-oneframe-62/qa/frame-31-attempt-01-qa.json,0,543,1463,"[6, 20, 90, 58]",candidate,frame-31 explicit ImageGen output; action finish
32,turn,right-facing side,turn start; two attached feet visible,01,/Users/kyota/.codex/generated_images/019f06a8-9dba-7f50-be95-a2f55e756ba2/ig_00471d0183ea7e53016a3f9793dbd88191b2b95b7d6d9a41f4.png,docs/art-source/one-frame-method-fullrun-20260627/budgerigar-green-yellow-footlock-set00-oneframe-62/prompts/frame-32-attempt-01.txt,docs/art-source/one-frame-method-fullrun-20260627/budgerigar-green-yellow-footlock-set00-oneframe-62/raw/frame-32-attempt-01-raw.png,docs/art-source/one-frame-method-fullrun-20260627/budgerigar-green-yellow-footlock-set00-oneframe-62/alpha/frame-32-attempt-01-alpha.png,docs/art-source/one-frame-method-fullrun-20260627/budgerigar-green-yellow-footlock-set00-oneframe-62/frames/frame-32.png,docs/art-source/one-frame-method-fullrun-20260627/budgerigar-green-yellow-footlock-set00-oneframe-62/qa/frame-32-attempt-01-qa.json,0,623,1690,"[6, 13, 90, 58]",candidate,frame-32 explicit ImageGen output; turn start
33,turn,right-facing side,three-quarter turn; two attached feet visible,01,/Users/kyota/.codex/generated_images/019f06a8-9dba-7f50-be95-a2f55e756ba2/ig_06336349768435f2016a3f97e40b78819189144cfcddf91857.png,docs/art-source/one-frame-method-fullrun-20260627/budgerigar-green-yellow-footlock-set00-oneframe-62/prompts/frame-33-attempt-01.txt,docs/art-source/one-frame-method-fullrun-20260627/budgerigar-green-yellow-footlock-set00-oneframe-62/raw/frame-33-attempt-01-raw.png,docs/art-source/one-frame-method-fullrun-20260627/budgerigar-green-yellow-footlock-set00-oneframe-62/alpha/frame-33-attempt-01-alpha.png,docs/art-source/one-frame-method-fullrun-20260627/budgerigar-green-yellow-footlock-set00-oneframe-62/frames/frame-33.png,docs/art-source/one-frame-method-fullrun-20260627/budgerigar-green-yellow-footlock-set00-oneframe-62/qa/frame-33-attempt-01-qa.json,0,585,1672,"[6, 12, 90, 58]",candidate,frame-33 explicit ImageGen output; three-quarter turn
34,turn,right-facing side,turn midpoint; two attached feet visible,01,/Users/kyota/.codex/generated_images/019f06a8-9dba-7f50-be95-a2f55e756ba2/ig_0bea96ab0271b7a9016a3f9831f3b88191bb4c2af4ebed1892.png,docs/art-source/one-frame-method-fullrun-20260627/budgerigar-green-yellow-footlock-set00-oneframe-62/prompts/frame-34-attempt-01.txt,docs/art-source/one-frame-method-fullrun-20260627/budgerigar-green-yellow-footlock-set00-oneframe-62/raw/frame-34-attempt-01-raw.png,docs/art-source/one-frame-method-fullrun-20260627/budgerigar-green-yellow-footlock-set00-oneframe-62/alpha/frame-34-attempt-01-alpha.png,docs/art-source/one-frame-method-fullrun-20260627/budgerigar-green-yellow-footlock-set00-oneframe-62/frames/frame-34.png,docs/art-source/one-frame-method-fullrun-20260627/budgerigar-green-yellow-footlock-set00-oneframe-62/qa/frame-34-attempt-01-qa.json,0,470,1896,"[7, 4, 89, 58]",candidate,frame-34 explicit ImageGen output; turn midpoint
35,turn,right-facing side,glance-back turn; two attached feet visible,01,/Users/kyota/.codex/generated_images/019f06a8-9dba-7f50-be95-a2f55e756ba2/ig_05d4efb1b807bdc3016a3f988c1b588191895adf9e25d4db25.png,docs/art-source/one-frame-method-fullrun-20260627/budgerigar-green-yellow-footlock-set00-oneframe-62/prompts/frame-35-attempt-01.txt,docs/art-source/one-frame-method-fullrun-20260627/budgerigar-green-yellow-footlock-set00-oneframe-62/raw/frame-35-attempt-01-raw.png,docs/art-source/one-frame-method-fullrun-20260627/budgerigar-green-yellow-footlock-set00-oneframe-62/alpha/frame-35-attempt-01-alpha.png,docs/art-source/one-frame-method-fullrun-20260627/budgerigar-green-yellow-footlock-set00-oneframe-62/frames/frame-35.png,docs/art-source/one-frame-method-fullrun-20260627/budgerigar-green-yellow-footlock-set00-oneframe-62/qa/frame-35-attempt-01-qa.json,0,592,1786,"[8, 4, 88, 58]",candidate,frame-35 explicit ImageGen output; glance-back turn
34,turn,right-facing side,turn midpoint refit; two attached feet visible,02,/Users/kyota/.codex/generated_images/019f06a8-9dba-7f50-be95-a2f55e756ba2/ig_0bea96ab0271b7a9016a3f9831f3b88191bb4c2af4ebed1892.png,docs/art-source/one-frame-method-fullrun-20260627/budgerigar-green-yellow-footlock-set00-oneframe-62/prompts/frame-34-attempt-01.txt,docs/art-source/one-frame-method-fullrun-20260627/budgerigar-green-yellow-footlock-set00-oneframe-62/raw/frame-34-attempt-02-raw.png,docs/art-source/one-frame-method-fullrun-20260627/budgerigar-green-yellow-footlock-set00-oneframe-62/alpha/frame-34-attempt-02-alpha.png,docs/art-source/one-frame-method-fullrun-20260627/budgerigar-green-yellow-footlock-set00-oneframe-62/frames/frame-34.png,docs/art-source/one-frame-method-fullrun-20260627/budgerigar-green-yellow-footlock-set00-oneframe-62/qa/frame-34-attempt-02-qa.json,0,368,1457,"[12, 11, 83, 58]",candidate,frame-34 refit attempt-02 from same ImageGen output; attempt-01 too large
35,turn,right-facing side,glance-back turn refit; two attached feet visible,02,/Users/kyota/.codex/generated_images/019f06a8-9dba-7f50-be95-a2f55e756ba2/ig_05d4efb1b807bdc3016a3f988c1b588191895adf9e25d4db25.png,docs/art-source/one-frame-method-fullrun-20260627/budgerigar-green-yellow-footlock-set00-oneframe-62/prompts/frame-35-attempt-01.txt,docs/art-source/one-frame-method-fullrun-20260627/budgerigar-green-yellow-footlock-set00-oneframe-62/raw/frame-35-attempt-02-raw.png,docs/art-source/one-frame-method-fullrun-20260627/budgerigar-green-yellow-footlock-set00-oneframe-62/alpha/frame-35-attempt-02-alpha.png,docs/art-source/one-frame-method-fullrun-20260627/budgerigar-green-yellow-footlock-set00-oneframe-62/frames/frame-35.png,docs/art-source/one-frame-method-fullrun-20260627/budgerigar-green-yellow-footlock-set00-oneframe-62/qa/frame-35-attempt-02-qa.json,0,465,1355,"[13, 11, 82, 58]",candidate,frame-35 refit attempt-02 from same ImageGen output; attempt-01 too large
36,turn,right-facing side,turn returning right; two attached feet visible,01,/Users/kyota/.codex/generated_images/019f06a8-9dba-7f50-be95-a2f55e756ba2/ig_05041474b8f4684e016a3f994ac9e08191a03189f36408b7b4.png,docs/art-source/one-frame-method-fullrun-20260627/budgerigar-green-yellow-footlock-set00-oneframe-62/prompts/frame-36-attempt-01.txt,docs/art-source/one-frame-method-fullrun-20260627/budgerigar-green-yellow-footlock-set00-oneframe-62/raw/frame-36-attempt-01-raw.png,docs/art-source/one-frame-method-fullrun-20260627/budgerigar-green-yellow-footlock-set00-oneframe-62/alpha/frame-36-attempt-01-alpha.png,docs/art-source/one-frame-method-fullrun-20260627/budgerigar-green-yellow-footlock-set00-oneframe-62/frames/frame-36.png,docs/art-source/one-frame-method-fullrun-20260627/budgerigar-green-yellow-footlock-set00-oneframe-62/qa/frame-36-attempt-01-qa.json,0,637,1674,"[6, 12, 90, 58]",candidate,frame-36 explicit ImageGen output; turn return
37,turn,right-facing side,nearly right-facing turn; two attached feet visible,01,/Users/kyota/.codex/generated_images/019f06a8-9dba-7f50-be95-a2f55e756ba2/ig_0baab116a2c77f96016a3f99f2b66c8191a2384d0a569b1703.png,docs/art-source/one-frame-method-fullrun-20260627/budgerigar-green-yellow-footlock-set00-oneframe-62/prompts/frame-37-attempt-01.txt,docs/art-source/one-frame-method-fullrun-20260627/budgerigar-green-yellow-footlock-set00-oneframe-62/raw/frame-37-attempt-01-raw.png,docs/art-source/one-frame-method-fullrun-20260627/budgerigar-green-yellow-footlock-set00-oneframe-62/alpha/frame-37-attempt-01-alpha.png,docs/art-source/one-frame-method-fullrun-20260627/budgerigar-green-yellow-footlock-set00-oneframe-62/frames/frame-37.png,docs/art-source/one-frame-method-fullrun-20260627/budgerigar-green-yellow-footlock-set00-oneframe-62/qa/frame-37-attempt-01-qa.json,0,520,1496,"[6, 18, 90, 58]",candidate,frame-37 explicit ImageGen output; nearly right-facing turn
38,turn,right-facing side,turn final; two attached feet visible,01,/Users/kyota/.codex/generated_images/019f06a8-9dba-7f50-be95-a2f55e756ba2/ig_0b31707b86f538fb016a3f9a4790e481919592b50e66356a97.png,docs/art-source/one-frame-method-fullrun-20260627/budgerigar-green-yellow-footlock-set00-oneframe-62/prompts/frame-38-attempt-01.txt,docs/art-source/one-frame-method-fullrun-20260627/budgerigar-green-yellow-footlock-set00-oneframe-62/raw/frame-38-attempt-01-raw.png,docs/art-source/one-frame-method-fullrun-20260627/budgerigar-green-yellow-footlock-set00-oneframe-62/alpha/frame-38-attempt-01-alpha.png,docs/art-source/one-frame-method-fullrun-20260627/budgerigar-green-yellow-footlock-set00-oneframe-62/frames/frame-38.png,docs/art-source/one-frame-method-fullrun-20260627/budgerigar-green-yellow-footlock-set00-oneframe-62/qa/frame-38-attempt-01-qa.json,0,524,1490,"[6, 19, 90, 58]",candidate,frame-38 explicit ImageGen output; turn final
39,turn,right-facing side,turn settle; two attached feet visible,01,/Users/kyota/.codex/generated_images/019f06a8-9dba-7f50-be95-a2f55e756ba2/ig_0511bd9a7741fc2b016a3f9aa36b608191a5c6a3d08ba671e7.png,docs/art-source/one-frame-method-fullrun-20260627/budgerigar-green-yellow-footlock-set00-oneframe-62/prompts/frame-39-attempt-01.txt,docs/art-source/one-frame-method-fullrun-20260627/budgerigar-green-yellow-footlock-set00-oneframe-62/raw/frame-39-attempt-01-raw.png,docs/art-source/one-frame-method-fullrun-20260627/budgerigar-green-yellow-footlock-set00-oneframe-62/alpha/frame-39-attempt-01-alpha.png,docs/art-source/one-frame-method-fullrun-20260627/budgerigar-green-yellow-footlock-set00-oneframe-62/frames/frame-39.png,docs/art-source/one-frame-method-fullrun-20260627/budgerigar-green-yellow-footlock-set00-oneframe-62/qa/frame-39-attempt-01-qa.json,0,510,1526,"[6, 18, 90, 58]",candidate,frame-39 explicit ImageGen output; turn settle
36,turn,right-facing side,turn returning right; yellow face; two attached feet visible,02,/Users/kyota/.codex/generated_images/019f06a8-9dba-7f50-be95-a2f55e756ba2/ig_0a3dde391cbc3126016a3f9b3ea81c8191b32de21b030d8642.png,docs/art-source/one-frame-method-fullrun-20260627/budgerigar-green-yellow-footlock-set00-oneframe-62/prompts/frame-36-attempt-02.txt,docs/art-source/one-frame-method-fullrun-20260627/budgerigar-green-yellow-footlock-set00-oneframe-62/raw/frame-36-attempt-02-raw.png,docs/art-source/one-frame-method-fullrun-20260627/budgerigar-green-yellow-footlock-set00-oneframe-62/alpha/frame-36-attempt-02-alpha.png,docs/art-source/one-frame-method-fullrun-20260627/budgerigar-green-yellow-footlock-set00-oneframe-62/frames/frame-36.png,docs/art-source/one-frame-method-fullrun-20260627/budgerigar-green-yellow-footlock-set00-oneframe-62/qa/frame-36-attempt-02-qa.json,0,505,1539,"[6, 18, 90, 58]",candidate,frame-36 retry attempt-02; attempt-01 rejected for face color drift
38,turn,right-facing side,turn final; yellow face; two attached feet visible,02,/Users/kyota/.codex/generated_images/019f06a8-9dba-7f50-be95-a2f55e756ba2/ig_04ebc95b0629157e016a3f9ba0ae2081919d3e09a19f3e3332.png,docs/art-source/one-frame-method-fullrun-20260627/budgerigar-green-yellow-footlock-set00-oneframe-62/prompts/frame-38-attempt-02.txt,docs/art-source/one-frame-method-fullrun-20260627/budgerigar-green-yellow-footlock-set00-oneframe-62/raw/frame-38-attempt-02-raw.png,docs/art-source/one-frame-method-fullrun-20260627/budgerigar-green-yellow-footlock-set00-oneframe-62/alpha/frame-38-attempt-02-alpha.png,docs/art-source/one-frame-method-fullrun-20260627/budgerigar-green-yellow-footlock-set00-oneframe-62/frames/frame-38.png,docs/art-source/one-frame-method-fullrun-20260627/budgerigar-green-yellow-footlock-set00-oneframe-62/qa/frame-38-attempt-02-qa.json,0,520,1592,"[6, 16, 90, 58]",candidate,frame-38 retry attempt-02; attempt-01 rejected for face color drift
38,turn,right-facing side,side-view return; yellow face; two attached feet visible,03,/Users/kyota/.codex/generated_images/019f06a8-9dba-7f50-be95-a2f55e756ba2/ig_0a48abafba2d3908016a3f9c4e71a08191b4e9dec360573fec.png,docs/art-source/one-frame-method-fullrun-20260627/budgerigar-green-yellow-footlock-set00-oneframe-62/prompts/frame-38-attempt-03.txt,docs/art-source/one-frame-method-fullrun-20260627/budgerigar-green-yellow-footlock-set00-oneframe-62/raw/frame-38-attempt-03-raw.png,docs/art-source/one-frame-method-fullrun-20260627/budgerigar-green-yellow-footlock-set00-oneframe-62/alpha/frame-38-attempt-03-alpha.png,docs/art-source/one-frame-method-fullrun-20260627/budgerigar-green-yellow-footlock-set00-oneframe-62/frames/frame-38.png,docs/art-source/one-frame-method-fullrun-20260627/budgerigar-green-yellow-footlock-set00-oneframe-62/qa/frame-38-attempt-03-qa.json,0,476,1471,"[6, 21, 90, 58]",candidate,frame-38 retry attempt-03; attempt-02 rejected for face color drift
40,chew,right-facing side,small chew start; two attached feet visible,01,/Users/kyota/.codex/generated_images/019f06a8-9dba-7f50-be95-a2f55e756ba2/ig_0c4d93ec3c7c423b016a3f9d2f82e48191a94a0bbdc80d4f74.png,docs/art-source/one-frame-method-fullrun-20260627/budgerigar-green-yellow-footlock-set00-oneframe-62/prompts/frame-40-attempt-01.txt,docs/art-source/one-frame-method-fullrun-20260627/budgerigar-green-yellow-footlock-set00-oneframe-62/raw/frame-40-attempt-01-raw.png,docs/art-source/one-frame-method-fullrun-20260627/budgerigar-green-yellow-footlock-set00-oneframe-62/alpha/frame-40-attempt-01-alpha.png,docs/art-source/one-frame-method-fullrun-20260627/budgerigar-green-yellow-footlock-set00-oneframe-62/frames/frame-40.png,docs/art-source/one-frame-method-fullrun-20260627/budgerigar-green-yellow-footlock-set00-oneframe-62/qa/frame-40-attempt-01-qa.json,0,483,1480,"[6, 17, 90, 58]",candidate,frame-40 explicit ImageGen output; chew start
41,chew,right-facing side,small chew head bob; two attached feet visible,01,/Users/kyota/.codex/generated_images/019f06a8-9dba-7f50-be95-a2f55e756ba2/ig_0af2ec41787816bc016a3f9d98cbe8819185aa56b3be6072c2.png,docs/art-source/one-frame-method-fullrun-20260627/budgerigar-green-yellow-footlock-set00-oneframe-62/prompts/frame-41-attempt-01.txt,docs/art-source/one-frame-method-fullrun-20260627/budgerigar-green-yellow-footlock-set00-oneframe-62/raw/frame-41-attempt-01-raw.png,docs/art-source/one-frame-method-fullrun-20260627/budgerigar-green-yellow-footlock-set00-oneframe-62/alpha/frame-41-attempt-01-alpha.png,docs/art-source/one-frame-method-fullrun-20260627/budgerigar-green-yellow-footlock-set00-oneframe-62/frames/frame-41.png,docs/art-source/one-frame-method-fullrun-20260627/budgerigar-green-yellow-footlock-set00-oneframe-62/qa/frame-41-attempt-01-qa.json,0,457,1394,"[6, 21, 90, 58]",candidate,frame-41 explicit ImageGen output; chew head bob
42,chew,right-facing side,chew settle; two attached feet visible,01,/Users/kyota/.codex/generated_images/019f06a8-9dba-7f50-be95-a2f55e756ba2/ig_01c9be5ffc15a57f016a3f9df887dc8191b2f1673e819570fb.png,docs/art-source/one-frame-method-fullrun-20260627/budgerigar-green-yellow-footlock-set00-oneframe-62/prompts/frame-42-attempt-01.txt,docs/art-source/one-frame-method-fullrun-20260627/budgerigar-green-yellow-footlock-set00-oneframe-62/raw/frame-42-attempt-01-raw.png,docs/art-source/one-frame-method-fullrun-20260627/budgerigar-green-yellow-footlock-set00-oneframe-62/alpha/frame-42-attempt-01-alpha.png,docs/art-source/one-frame-method-fullrun-20260627/budgerigar-green-yellow-footlock-set00-oneframe-62/frames/frame-42.png,docs/art-source/one-frame-method-fullrun-20260627/budgerigar-green-yellow-footlock-set00-oneframe-62/qa/frame-42-attempt-01-qa.json,0,495,1499,"[6, 18, 90, 58]",candidate,frame-42 explicit ImageGen output; chew settle
43,chew,right-facing side,chew cycle end; two attached feet visible,01,/Users/kyota/.codex/generated_images/019f06a8-9dba-7f50-be95-a2f55e756ba2/ig_0c25bdf2d81f8710016a3f9e65ef108191ad05ddc2417aec03.png,docs/art-source/one-frame-method-fullrun-20260627/budgerigar-green-yellow-footlock-set00-oneframe-62/prompts/frame-43-attempt-01.txt,docs/art-source/one-frame-method-fullrun-20260627/budgerigar-green-yellow-footlock-set00-oneframe-62/raw/frame-43-attempt-01-raw.png,docs/art-source/one-frame-method-fullrun-20260627/budgerigar-green-yellow-footlock-set00-oneframe-62/alpha/frame-43-attempt-01-alpha.png,docs/art-source/one-frame-method-fullrun-20260627/budgerigar-green-yellow-footlock-set00-oneframe-62/frames/frame-43.png,docs/art-source/one-frame-method-fullrun-20260627/budgerigar-green-yellow-footlock-set00-oneframe-62/qa/frame-43-attempt-01-qa.json,0,452,1484,"[6, 19, 90, 58]",candidate,frame-43 explicit ImageGen output; chew cycle end
40,chew,right-facing side,subtle beak motion start; yellow face; two attached feet visible,02,/Users/kyota/.codex/generated_images/019f06a8-9dba-7f50-be95-a2f55e756ba2/ig_0874d4393b7d6f52016a3f9f1310c081918ee31a4df20fff69.png,docs/art-source/one-frame-method-fullrun-20260627/budgerigar-green-yellow-footlock-set00-oneframe-62/prompts/frame-40-attempt-02.txt,docs/art-source/one-frame-method-fullrun-20260627/budgerigar-green-yellow-footlock-set00-oneframe-62/raw/frame-40-attempt-02-raw.png,docs/art-source/one-frame-method-fullrun-20260627/budgerigar-green-yellow-footlock-set00-oneframe-62/alpha/frame-40-attempt-02-alpha.png,docs/art-source/one-frame-method-fullrun-20260627/budgerigar-green-yellow-footlock-set00-oneframe-62/frames/frame-40.png,docs/art-source/one-frame-method-fullrun-20260627/budgerigar-green-yellow-footlock-set00-oneframe-62/qa/frame-40-attempt-02-qa.json,0,475,1411,"[6, 21, 90, 58]",candidate,frame-40 retry attempt-02; attempt-01 rejected for face color drift
41,chew,right-facing side,subtle beak motion; yellow face; two attached feet visible,02,/Users/kyota/.codex/generated_images/019f06a8-9dba-7f50-be95-a2f55e756ba2/ig_046fe187509e6e69016a3f9f8bef708191ac37605dd3df3d79.png,docs/art-source/one-frame-method-fullrun-20260627/budgerigar-green-yellow-footlock-set00-oneframe-62/prompts/frame-41-attempt-02.txt,docs/art-source/one-frame-method-fullrun-20260627/budgerigar-green-yellow-footlock-set00-oneframe-62/raw/frame-41-attempt-02-raw.png,docs/art-source/one-frame-method-fullrun-20260627/budgerigar-green-yellow-footlock-set00-oneframe-62/alpha/frame-41-attempt-02-alpha.png,docs/art-source/one-frame-method-fullrun-20260627/budgerigar-green-yellow-footlock-set00-oneframe-62/frames/frame-41.png,docs/art-source/one-frame-method-fullrun-20260627/budgerigar-green-yellow-footlock-set00-oneframe-62/qa/frame-41-attempt-02-qa.json,0,490,1419,"[6, 20, 90, 58]",candidate,frame-41 retry attempt-02; attempt-01 rejected for face color drift
44,ground_check,right-facing side,ground check; low head dip; attached pink toe contact visible,01,/Users/kyota/.codex/generated_images/019f0767-666c-7573-a2a5-036c42e7c274/ig_0b5e2bd91f66fba1016a3fa85a6d7c8191900319bed4e79123.png,docs/art-source/one-frame-method-fullrun-20260627/budgerigar-green-yellow-footlock-set00-oneframe-62/prompts/frame-44-attempt-01.txt,docs/art-source/one-frame-method-fullrun-20260627/budgerigar-green-yellow-footlock-set00-oneframe-62/raw/frame-44-attempt-01-raw.png,docs/art-source/one-frame-method-fullrun-20260627/budgerigar-green-yellow-footlock-set00-oneframe-62/alpha/frame-44-attempt-01-alpha.png,docs/art-source/one-frame-method-fullrun-20260627/budgerigar-green-yellow-footlock-set00-oneframe-62/frames/frame-44.png,docs/art-source/one-frame-method-fullrun-20260627/budgerigar-green-yellow-footlock-set00-oneframe-62/qa/frame-44-attempt-01-qa.json,0,268,1079,"[6, 37, 90, 58]",candidate,44-61 missing-frame completion; check dark claw pixels in contact sheet
45,ground_check,right-facing side,ground check step; two attached pink toe contacts visible,01,/Users/kyota/.codex/generated_images/019f0767-666c-7573-a2a5-036c42e7c274/ig_036721c101488409016a3fa8b7b4c081918f9a332fbdc14772.png,docs/art-source/one-frame-method-fullrun-20260627/budgerigar-green-yellow-footlock-set00-oneframe-62/prompts/frame-45-attempt-01.txt,docs/art-source/one-frame-method-fullrun-20260627/budgerigar-green-yellow-footlock-set00-oneframe-62/raw/frame-45-attempt-01-raw.png,docs/art-source/one-frame-method-fullrun-20260627/budgerigar-green-yellow-footlock-set00-oneframe-62/alpha/frame-45-attempt-01-alpha.png,docs/art-source/one-frame-method-fullrun-20260627/budgerigar-green-yellow-footlock-set00-oneframe-62/frames/frame-45.png,docs/art-source/one-frame-method-fullrun-20260627/budgerigar-green-yellow-footlock-set00-oneframe-62/qa/frame-45-attempt-01-qa.json,0,353,1260,"[6, 31, 90, 58]",candidate,44-61 missing-frame completion; clear attached feet
46,ground_check,right-facing side,ground check lowered head; attached foot/toe contact visible,01,/Users/kyota/.codex/generated_images/019f0767-666c-7573-a2a5-036c42e7c274/ig_0aa5965b1d46d607016a3fa912fc98819180028f2cfb156ab7.png,docs/art-source/one-frame-method-fullrun-20260627/budgerigar-green-yellow-footlock-set00-oneframe-62/prompts/frame-46-attempt-01.txt,docs/art-source/one-frame-method-fullrun-20260627/budgerigar-green-yellow-footlock-set00-oneframe-62/raw/frame-46-attempt-01-raw.png,docs/art-source/one-frame-method-fullrun-20260627/budgerigar-green-yellow-footlock-set00-oneframe-62/alpha/frame-46-attempt-01-alpha.png,docs/art-source/one-frame-method-fullrun-20260627/budgerigar-green-yellow-footlock-set00-oneframe-62/frames/frame-46.png,docs/art-source/one-frame-method-fullrun-20260627/budgerigar-green-yellow-footlock-set00-oneframe-62/qa/frame-46-attempt-01-qa.json,0,315,1118,"[6, 36, 90, 58]",candidate,44-61 missing-frame completion; check dark toe line in contact sheet
44,ground_check,right-facing side,ground check head-down; attached red-pink foot/toe contact clearly visible,02,/Users/kyota/.codex/generated_images/019f0767-666c-7573-a2a5-036c42e7c274/ig_0336fab8c74d1c84016a3fa9ab5074819ab45ebf1367a8e63d.png,docs/art-source/one-frame-method-fullrun-20260627/budgerigar-green-yellow-footlock-set00-oneframe-62/prompts/frame-44-attempt-02.txt,docs/art-source/one-frame-method-fullrun-20260627/budgerigar-green-yellow-footlock-set00-oneframe-62/raw/frame-44-attempt-02-raw.png,docs/art-source/one-frame-method-fullrun-20260627/budgerigar-green-yellow-footlock-set00-oneframe-62/alpha/frame-44-attempt-02-alpha.png,docs/art-source/one-frame-method-fullrun-20260627/budgerigar-green-yellow-footlock-set00-oneframe-62/frames/frame-44.png,docs/art-source/one-frame-method-fullrun-20260627/budgerigar-green-yellow-footlock-set00-oneframe-62/qa/frame-44-attempt-02-qa.json,0,364,1115,"[6, 35, 90, 58]",candidate,retry after parent foot-lock hard gate; attempt-01 rejected for weak visible foot contact
47,ground_check,right-facing side,ground check recovery; two attached foot/toe contacts visible,01,/Users/kyota/.codex/generated_images/019f0767-666c-7573-a2a5-036c42e7c274/ig_032c8ef616fe5ace016a3faa2919348191a6b709df14ea72c0.png,docs/art-source/one-frame-method-fullrun-20260627/budgerigar-green-yellow-footlock-set00-oneframe-62/prompts/frame-47-attempt-01.txt,docs/art-source/one-frame-method-fullrun-20260627/budgerigar-green-yellow-footlock-set00-oneframe-62/raw/frame-47-attempt-01-raw.png,docs/art-source/one-frame-method-fullrun-20260627/budgerigar-green-yellow-footlock-set00-oneframe-62/alpha/frame-47-attempt-01-alpha.png,docs/art-source/one-frame-method-fullrun-20260627/budgerigar-green-yellow-footlock-set00-oneframe-62/frames/frame-47.png,docs/art-source/one-frame-method-fullrun-20260627/budgerigar-green-yellow-footlock-set00-oneframe-62/qa/frame-47-attempt-01-qa.json,0,361,1238,"[6, 30, 90, 58]",candidate,44-61 missing-frame completion; clear attached feet
48,alert_rest,right-facing side,alert rest stand; two attached pink feet visible,01,/Users/kyota/.codex/generated_images/019f0767-666c-7573-a2a5-036c42e7c274/ig_03a5e9a4b127063c016a3faaab5e7481919450687a1c2aa5d8.png,docs/art-source/one-frame-method-fullrun-20260627/budgerigar-green-yellow-footlock-set00-oneframe-62/prompts/frame-48-attempt-01.txt,docs/art-source/one-frame-method-fullrun-20260627/budgerigar-green-yellow-footlock-set00-oneframe-62/raw/frame-48-attempt-01-raw.png,docs/art-source/one-frame-method-fullrun-20260627/budgerigar-green-yellow-footlock-set00-oneframe-62/alpha/frame-48-attempt-01-alpha.png,docs/art-source/one-frame-method-fullrun-20260627/budgerigar-green-yellow-footlock-set00-oneframe-62/frames/frame-48.png,docs/art-source/one-frame-method-fullrun-20260627/budgerigar-green-yellow-footlock-set00-oneframe-62/qa/frame-48-attempt-01-qa.json,0,608,1737,"[6, 9, 90, 58]",candidate,"44-61 missing-frame completion; feet visible, check size in contact sheet"
49,alert_rest,right-facing side,alert rest head tilt; two attached pink feet visible,01,/Users/kyota/.codex/generated_images/019f0767-666c-7573-a2a5-036c42e7c274/ig_04bbf565a262103e016a3fab1697dc81918450010d705f8243.png,docs/art-source/one-frame-method-fullrun-20260627/budgerigar-green-yellow-footlock-set00-oneframe-62/prompts/frame-49-attempt-01.txt,docs/art-source/one-frame-method-fullrun-20260627/budgerigar-green-yellow-footlock-set00-oneframe-62/raw/frame-49-attempt-01-raw.png,docs/art-source/one-frame-method-fullrun-20260627/budgerigar-green-yellow-footlock-set00-oneframe-62/alpha/frame-49-attempt-01-alpha.png,docs/art-source/one-frame-method-fullrun-20260627/budgerigar-green-yellow-footlock-set00-oneframe-62/frames/frame-49.png,docs/art-source/one-frame-method-fullrun-20260627/budgerigar-green-yellow-footlock-set00-oneframe-62/qa/frame-49-attempt-01-qa.json,0,532,1577,"[6, 15, 90, 58]",candidate,"44-61 missing-frame completion; feet visible, check size in contact sheet"
50,alert_rest,right-facing side,alert rest calm upright; two attached feet visible,01,/Users/kyota/.codex/generated_images/019f0767-666c-7573-a2a5-036c42e7c274/ig_03642690dea14874016a3fab8f9f388191a0acaf25b7584220.png,docs/art-source/one-frame-method-fullrun-20260627/budgerigar-green-yellow-footlock-set00-oneframe-62/prompts/frame-50-attempt-01.txt,docs/art-source/one-frame-method-fullrun-20260627/budgerigar-green-yellow-footlock-set00-oneframe-62/raw/frame-50-attempt-01-raw.png,docs/art-source/one-frame-method-fullrun-20260627/budgerigar-green-yellow-footlock-set00-oneframe-62/alpha/frame-50-attempt-01-alpha.png,docs/art-source/one-frame-method-fullrun-20260627/budgerigar-green-yellow-footlock-set00-oneframe-62/frames/frame-50.png,docs/art-source/one-frame-method-fullrun-20260627/budgerigar-green-yellow-footlock-set00-oneframe-62/qa/frame-50-attempt-01-qa.json,0,562,1687,"[6, 12, 90, 58]",candidate,"44-61 missing-frame completion; feet visible, check claw size in contact sheet"
48,alert_rest,right-facing side,alert/rest compact transition; yellow face restored; two attached pink feet visible,02,/Users/kyota/.codex/generated_images/019f0767-666c-7573-a2a5-036c42e7c274/ig_0bb2f62ae880cd1d016a3fac6b7b848191bca8e4b551fa574e.png,docs/art-source/one-frame-method-fullrun-20260627/budgerigar-green-yellow-footlock-set00-oneframe-62/prompts/frame-48-attempt-02.txt,docs/art-source/one-frame-method-fullrun-20260627/budgerigar-green-yellow-footlock-set00-oneframe-62/raw/frame-48-attempt-02-raw.png,docs/art-source/one-frame-method-fullrun-20260627/budgerigar-green-yellow-footlock-set00-oneframe-62/alpha/frame-48-attempt-02-alpha.png,docs/art-source/one-frame-method-fullrun-20260627/budgerigar-green-yellow-footlock-set00-oneframe-62/frames/frame-48.png,docs/art-source/one-frame-method-fullrun-20260627/budgerigar-green-yellow-footlock-set00-oneframe-62/qa/frame-48-attempt-02-qa.json,0,477,1244,"[6, 27, 90, 58]",candidate,retry after parent scale/pale-face rejection of attempt-01
51,alert_rest,right-facing side,alert/rest compact crouched stand; attached feet visible,02,/Users/kyota/.codex/generated_images/019f0767-666c-7573-a2a5-036c42e7c274/ig_06d0199e01d5fb15016a3fad00b0ec8191874426e332598699.png,docs/art-source/one-frame-method-fullrun-20260627/budgerigar-green-yellow-footlock-set00-oneframe-62/prompts/frame-51-attempt-02.txt,docs/art-source/one-frame-method-fullrun-20260627/budgerigar-green-yellow-footlock-set00-oneframe-62/raw/frame-51-attempt-02-raw.png,docs/art-source/one-frame-method-fullrun-20260627/budgerigar-green-yellow-footlock-set00-oneframe-62/alpha/frame-51-attempt-02-alpha.png,docs/art-source/one-frame-method-fullrun-20260627/budgerigar-green-yellow-footlock-set00-oneframe-62/frames/frame-51.png,docs/art-source/one-frame-method-fullrun-20260627/budgerigar-green-yellow-footlock-set00-oneframe-62/qa/frame-51-attempt-02-qa.json,0,387,1204,"[6, 29, 90, 58]",candidate,49-51 parent scale guidance; compact yellow-face alert/rest candidate
48,alert_rest,right-facing side,alert/rest low compact transition; strong yellow face and black wing markings; attached feet visible,03,/Users/kyota/.codex/generated_images/019f0767-666c-7573-a2a5-036c42e7c274/ig_0786a9b5092b1540016a3fada894ec81919d3e672987949c09.png,docs/art-source/one-frame-method-fullrun-20260627/budgerigar-green-yellow-footlock-set00-oneframe-62/prompts/frame-48-attempt-03.txt,docs/art-source/one-frame-method-fullrun-20260627/budgerigar-green-yellow-footlock-set00-oneframe-62/raw/frame-48-attempt-03-raw.png,docs/art-source/one-frame-method-fullrun-20260627/budgerigar-green-yellow-footlock-set00-oneframe-62/alpha/frame-48-attempt-03-alpha.png,docs/art-source/one-frame-method-fullrun-20260627/budgerigar-green-yellow-footlock-set00-oneframe-62/frames/frame-48.png,docs/art-source/one-frame-method-fullrun-20260627/budgerigar-green-yellow-footlock-set00-oneframe-62/qa/frame-48-attempt-03-qa.json,0,333,1179,"[6, 35, 90, 58]",candidate,retry after parent color rejection of attempt-02; strong color lock
52,face_groom,right-facing side,face groom; head near wing; two attached feet visible,01,/Users/kyota/.codex/generated_images/019f0767-666c-7573-a2a5-036c42e7c274/ig_0e914a65fe1dc318016a3fae402048819187392df741acd814.png,docs/art-source/one-frame-method-fullrun-20260627/budgerigar-green-yellow-footlock-set00-oneframe-62/prompts/frame-52-attempt-01.txt,docs/art-source/one-frame-method-fullrun-20260627/budgerigar-green-yellow-footlock-set00-oneframe-62/raw/frame-52-attempt-01-raw.png,docs/art-source/one-frame-method-fullrun-20260627/budgerigar-green-yellow-footlock-set00-oneframe-62/alpha/frame-52-attempt-01-alpha.png,docs/art-source/one-frame-method-fullrun-20260627/budgerigar-green-yellow-footlock-set00-oneframe-62/frames/frame-52.png,docs/art-source/one-frame-method-fullrun-20260627/budgerigar-green-yellow-footlock-set00-oneframe-62/qa/frame-52-attempt-01-qa.json,0,628,1721,"[6, 12, 90, 58]",candidate,44-61 missing-frame completion; check toe length in contact sheet
53,face_groom,right-facing side,face groom beak near wing; attached foot/toe contact visible,01,/Users/kyota/.codex/generated_images/019f0767-666c-7573-a2a5-036c42e7c274/ig_0f93ccc73433eea4016a3faec3e2b481918feac9aa36f48ef4.png,docs/art-source/one-frame-method-fullrun-20260627/budgerigar-green-yellow-footlock-set00-oneframe-62/prompts/frame-53-attempt-01.txt,docs/art-source/one-frame-method-fullrun-20260627/budgerigar-green-yellow-footlock-set00-oneframe-62/raw/frame-53-attempt-01-raw.png,docs/art-source/one-frame-method-fullrun-20260627/budgerigar-green-yellow-footlock-set00-oneframe-62/alpha/frame-53-attempt-01-alpha.png,docs/art-source/one-frame-method-fullrun-20260627/budgerigar-green-yellow-footlock-set00-oneframe-62/frames/frame-53.png,docs/art-source/one-frame-method-fullrun-20260627/budgerigar-green-yellow-footlock-set00-oneframe-62/qa/frame-53-attempt-01-qa.json,0,550,1831,"[6, 11, 90, 58]",candidate,"44-61 missing-frame completion; one attached foot visible, check in contact sheet"
54,face_groom,right-facing side,face groom head turned toward shoulder; attached feet visible,01,/Users/kyota/.codex/generated_images/019f0767-666c-7573-a2a5-036c42e7c274/ig_0d4481d307a16792016a3faf6438408191aa2276c548de5294.png,docs/art-source/one-frame-method-fullrun-20260627/budgerigar-green-yellow-footlock-set00-oneframe-62/prompts/frame-54-attempt-01.txt,docs/art-source/one-frame-method-fullrun-20260627/budgerigar-green-yellow-footlock-set00-oneframe-62/raw/frame-54-attempt-01-raw.png,docs/art-source/one-frame-method-fullrun-20260627/budgerigar-green-yellow-footlock-set00-oneframe-62/alpha/frame-54-attempt-01-alpha.png,docs/art-source/one-frame-method-fullrun-20260627/budgerigar-green-yellow-footlock-set00-oneframe-62/frames/frame-54.png,docs/art-source/one-frame-method-fullrun-20260627/budgerigar-green-yellow-footlock-set00-oneframe-62/qa/frame-54-attempt-01-qa.json,0,534,1727,"[6, 14, 90, 58]",candidate,44-61 missing-frame completion; check groom continuity in contact sheet
52,face_groom,right-facing side,face groom; bright yellow face; attached pink feet visible,02,/Users/kyota/.codex/generated_images/019f0767-666c-7573-a2a5-036c42e7c274/ig_0dfcf5fc54171d2c016a3fb03eebb48191a7ef0719e966e52c.png,docs/art-source/one-frame-method-fullrun-20260627/budgerigar-green-yellow-footlock-set00-oneframe-62/prompts/frame-52-attempt-02.txt,docs/art-source/one-frame-method-fullrun-20260627/budgerigar-green-yellow-footlock-set00-oneframe-62/raw/frame-52-attempt-02-raw.png,docs/art-source/one-frame-method-fullrun-20260627/budgerigar-green-yellow-footlock-set00-oneframe-62/alpha/frame-52-attempt-02-alpha.png,docs/art-source/one-frame-method-fullrun-20260627/budgerigar-green-yellow-footlock-set00-oneframe-62/frames/frame-52.png,docs/art-source/one-frame-method-fullrun-20260627/budgerigar-green-yellow-footlock-set00-oneframe-62/qa/frame-52-attempt-02-qa.json,0,660,1886,"[6, 10, 90, 58]",candidate,retry after parent color rejection of attempt-01; strong yellow face and pink feet
55,face_groom,right-facing side,face groom recovery; strong yellow face; two attached feet visible,01,/Users/kyota/.codex/generated_images/019f0767-666c-7573-a2a5-036c42e7c274/ig_07d4937493ed8c2f016a3fb11f0cf0819199017ed1a410f369.png,docs/art-source/one-frame-method-fullrun-20260627/budgerigar-green-yellow-footlock-set00-oneframe-62/prompts/frame-55-attempt-01.txt,docs/art-source/one-frame-method-fullrun-20260627/budgerigar-green-yellow-footlock-set00-oneframe-62/raw/frame-55-attempt-01-raw.png,docs/art-source/one-frame-method-fullrun-20260627/budgerigar-green-yellow-footlock-set00-oneframe-62/alpha/frame-55-attempt-01-alpha.png,docs/art-source/one-frame-method-fullrun-20260627/budgerigar-green-yellow-footlock-set00-oneframe-62/frames/frame-55.png,docs/art-source/one-frame-method-fullrun-20260627/budgerigar-green-yellow-footlock-set00-oneframe-62/qa/frame-55-attempt-01-qa.json,0,509,1570,"[6, 16, 90, 58]",candidate,44-61 missing-frame completion; groom recovery candidate with clear feet
56,reaction_recover,right-facing side,reaction alert lean; strong yellow face; attached feet visible,01,/Users/kyota/.codex/generated_images/019f0767-666c-7573-a2a5-036c42e7c274/ig_031392cacde34f1a016a3fb1c6d2d08191b39bfb5d91e8e0e7.png,docs/art-source/one-frame-method-fullrun-20260627/budgerigar-green-yellow-footlock-set00-oneframe-62/prompts/frame-56-attempt-01.txt,docs/art-source/one-frame-method-fullrun-20260627/budgerigar-green-yellow-footlock-set00-oneframe-62/raw/frame-56-attempt-01-raw.png,docs/art-source/one-frame-method-fullrun-20260627/budgerigar-green-yellow-footlock-set00-oneframe-62/alpha/frame-56-attempt-01-alpha.png,docs/art-source/one-frame-method-fullrun-20260627/budgerigar-green-yellow-footlock-set00-oneframe-62/frames/frame-56.png,docs/art-source/one-frame-method-fullrun-20260627/budgerigar-green-yellow-footlock-set00-oneframe-62/qa/frame-56-attempt-01-qa.json,0,355,1221,"[6, 28, 90, 58]",candidate,55-61 completion; strong color lock and visible attached feet
57,reaction_recover,right-facing side,reaction crouch; yellow face; attached pink feet visible,01,/Users/kyota/.codex/generated_images/019f0767-666c-7573-a2a5-036c42e7c274/ig_0887590b963252d4016a3fb29a1fc08191a754c99ef469b7e1.png,docs/art-source/one-frame-method-fullrun-20260627/budgerigar-green-yellow-footlock-set00-oneframe-62/prompts/frame-57-attempt-01.txt,docs/art-source/one-frame-method-fullrun-20260627/budgerigar-green-yellow-footlock-set00-oneframe-62/raw/frame-57-attempt-01-raw.png,docs/art-source/one-frame-method-fullrun-20260627/budgerigar-green-yellow-footlock-set00-oneframe-62/alpha/frame-57-attempt-01-alpha.png,docs/art-source/one-frame-method-fullrun-20260627/budgerigar-green-yellow-footlock-set00-oneframe-62/frames/frame-57.png,docs/art-source/one-frame-method-fullrun-20260627/budgerigar-green-yellow-footlock-set00-oneframe-62/qa/frame-57-attempt-01-qa.json,0,397,1256,"[6, 29, 90, 58]",candidate,55-61 completion; strong color lock and visible feet
56,reaction_recover,right-facing side,reaction/recover compact rounded body; yellow head; attached pink feet visible,02,/Users/kyota/.codex/generated_images/019f0767-666c-7573-a2a5-036c42e7c274/ig_0c19442f914a8349016a3fb36a137081918974694a6608277f.png,docs/art-source/one-frame-method-fullrun-20260627/budgerigar-green-yellow-footlock-set00-oneframe-62/prompts/frame-56-attempt-02.txt,docs/art-source/one-frame-method-fullrun-20260627/budgerigar-green-yellow-footlock-set00-oneframe-62/raw/frame-56-attempt-02-raw.png,docs/art-source/one-frame-method-fullrun-20260627/budgerigar-green-yellow-footlock-set00-oneframe-62/alpha/frame-56-attempt-02-alpha.png,docs/art-source/one-frame-method-fullrun-20260627/budgerigar-green-yellow-footlock-set00-oneframe-62/frames/frame-56.png,docs/art-source/one-frame-method-fullrun-20260627/budgerigar-green-yellow-footlock-set00-oneframe-62/qa/frame-56-attempt-02-qa.json,0,514,1590,"[6, 14, 90, 58]",candidate,retry after parent rejection of low stretched attempt-01; compact body and visible feet
57,reaction_recover,right-facing side,compact alert/recover; yellow head; attached pink feet visible,02,/Users/kyota/.codex/generated_images/019f0767-666c-7573-a2a5-036c42e7c274/ig_00ab6ae391170a19016a3fb4600c088191bf201b1696f7776a.png,docs/art-source/one-frame-method-fullrun-20260627/budgerigar-green-yellow-footlock-set00-oneframe-62/prompts/frame-57-attempt-02.txt,docs/art-source/one-frame-method-fullrun-20260627/budgerigar-green-yellow-footlock-set00-oneframe-62/raw/frame-57-attempt-02-raw.png,docs/art-source/one-frame-method-fullrun-20260627/budgerigar-green-yellow-footlock-set00-oneframe-62/alpha/frame-57-attempt-02-alpha.png,docs/art-source/one-frame-method-fullrun-20260627/budgerigar-green-yellow-footlock-set00-oneframe-62/frames/frame-57.png,docs/art-source/one-frame-method-fullrun-20260627/budgerigar-green-yellow-footlock-set00-oneframe-62/qa/frame-57-attempt-02-qa.json,0,497,1564,"[6, 15, 90, 58]",candidate,retry after parent rejection of low/long/pale attempt-01; bbox target top 10-20 height 38-48
58,reaction_recover,right-facing side,reaction/recover attention forward; yellow head; attached pink feet visible,01,/Users/kyota/.codex/generated_images/019f0767-666c-7573-a2a5-036c42e7c274/ig_09157684bfb8a92e016a3fb6180f5881918a619a9a6d16f16f.png,docs/art-source/one-frame-method-fullrun-20260627/budgerigar-green-yellow-footlock-set00-oneframe-62/prompts/frame-58-attempt-01.txt,docs/art-source/one-frame-method-fullrun-20260627/budgerigar-green-yellow-footlock-set00-oneframe-62/raw/frame-58-attempt-01-raw.png,docs/art-source/one-frame-method-fullrun-20260627/budgerigar-green-yellow-footlock-set00-oneframe-62/alpha/frame-58-attempt-01-alpha.png,docs/art-source/one-frame-method-fullrun-20260627/budgerigar-green-yellow-footlock-set00-oneframe-62/frames/frame-58.png,docs/art-source/one-frame-method-fullrun-20260627/budgerigar-green-yellow-footlock-set00-oneframe-62/qa/frame-58-attempt-01-qa.json,0,521,1566,"[6, 15, 90, 58]",candidate,58-61 completion; strong color lock and visible feet
59,reaction_recover,right-facing side,recover to calm stand; yellow head; attached pink feet visible,01,/Users/kyota/.codex/generated_images/019f0767-666c-7573-a2a5-036c42e7c274/ig_0376eb6f402755c7016a3fb6d216ec8191ad638f8d05cb9c53.png,docs/art-source/one-frame-method-fullrun-20260627/budgerigar-green-yellow-footlock-set00-oneframe-62/prompts/frame-59-attempt-01.txt,docs/art-source/one-frame-method-fullrun-20260627/budgerigar-green-yellow-footlock-set00-oneframe-62/raw/frame-59-attempt-01-raw.png,docs/art-source/one-frame-method-fullrun-20260627/budgerigar-green-yellow-footlock-set00-oneframe-62/alpha/frame-59-attempt-01-alpha.png,docs/art-source/one-frame-method-fullrun-20260627/budgerigar-green-yellow-footlock-set00-oneframe-62/frames/frame-59.png,docs/art-source/one-frame-method-fullrun-20260627/budgerigar-green-yellow-footlock-set00-oneframe-62/qa/frame-59-attempt-01-qa.json,0,512,1627,"[6, 13, 90, 58]",candidate,59-61 completion; anchored to accepted 56-58
60,reaction_recover,right-facing side,settled recover stand; yellow head; attached pink feet visible,01,/Users/kyota/.codex/generated_images/019f0767-666c-7573-a2a5-036c42e7c274/ig_05ab3208578e6856016a3fb7a6bdd081918dbb380c6bb039df.png,docs/art-source/one-frame-method-fullrun-20260627/budgerigar-green-yellow-footlock-set00-oneframe-62/prompts/frame-60-attempt-01.txt,docs/art-source/one-frame-method-fullrun-20260627/budgerigar-green-yellow-footlock-set00-oneframe-62/raw/frame-60-attempt-01-raw.png,docs/art-source/one-frame-method-fullrun-20260627/budgerigar-green-yellow-footlock-set00-oneframe-62/alpha/frame-60-attempt-01-alpha.png,docs/art-source/one-frame-method-fullrun-20260627/budgerigar-green-yellow-footlock-set00-oneframe-62/frames/frame-60.png,docs/art-source/one-frame-method-fullrun-20260627/budgerigar-green-yellow-footlock-set00-oneframe-62/qa/frame-60-attempt-01-qa.json,0,558,1565,"[6, 15, 90, 58]",candidate,60-61 completion; anchored to accepted 56-59
61,reaction_recover,right-facing side,final recover stand; yellow head; attached pink feet visible,01,/Users/kyota/.codex/generated_images/019f0767-666c-7573-a2a5-036c42e7c274/ig_0e35e4ff43fb1086016a3fb8635f888191b9ef54cfe2fd713c.png,docs/art-source/one-frame-method-fullrun-20260627/budgerigar-green-yellow-footlock-set00-oneframe-62/prompts/frame-61-attempt-01.txt,docs/art-source/one-frame-method-fullrun-20260627/budgerigar-green-yellow-footlock-set00-oneframe-62/raw/frame-61-attempt-01-raw.png,docs/art-source/one-frame-method-fullrun-20260627/budgerigar-green-yellow-footlock-set00-oneframe-62/alpha/frame-61-attempt-01-alpha.png,docs/art-source/one-frame-method-fullrun-20260627/budgerigar-green-yellow-footlock-set00-oneframe-62/frames/frame-61.png,docs/art-source/one-frame-method-fullrun-20260627/budgerigar-green-yellow-footlock-set00-oneframe-62/qa/frame-61-attempt-01-qa.json,0,504,1549,"[6, 16, 90, 58]",candidate,60-61 completion; anchored to accepted 56-60
60,reaction_recover,right-facing side,settled recover stand; strong yellow face and black wing markings; attached pink feet visible,02,/Users/kyota/.codex/generated_images/019f0767-666c-7573-a2a5-036c42e7c274/ig_07a24ec4b0a541c0016a3fb9824c088191a54040711e409f3a.png,docs/art-source/one-frame-method-fullrun-20260627/budgerigar-green-yellow-footlock-set00-oneframe-62/prompts/frame-60-attempt-02.txt,docs/art-source/one-frame-method-fullrun-20260627/budgerigar-green-yellow-footlock-set00-oneframe-62/raw/frame-60-attempt-02-raw.png,docs/art-source/one-frame-method-fullrun-20260627/budgerigar-green-yellow-footlock-set00-oneframe-62/alpha/frame-60-attempt-02-alpha.png,docs/art-source/one-frame-method-fullrun-20260627/budgerigar-green-yellow-footlock-set00-oneframe-62/frames/frame-60.png,docs/art-source/one-frame-method-fullrun-20260627/budgerigar-green-yellow-footlock-set00-oneframe-62/qa/frame-60-attempt-02-qa.json,0,552,1543,"[6, 17, 90, 58]",candidate,retry after parent color rejection of attempt-01; same bbox scale with stronger color lock
60,reaction_recover,right-facing side,settled recover stand; restored yellow face and black wing markings; attached pink feet visible,03,/Users/kyota/.codex/generated_images/019f0767-666c-7573-a2a5-036c42e7c274/ig_0f4cae81f7244dc5016a3fbacc0bf481918773e0db34121760.png,docs/art-source/one-frame-method-fullrun-20260627/budgerigar-green-yellow-footlock-set00-oneframe-62/prompts/frame-60-attempt-03.txt,docs/art-source/one-frame-method-fullrun-20260627/budgerigar-green-yellow-footlock-set00-oneframe-62/raw/frame-60-attempt-03-raw.png,docs/art-source/one-frame-method-fullrun-20260627/budgerigar-green-yellow-footlock-set00-oneframe-62/alpha/frame-60-attempt-03-alpha.png,docs/art-source/one-frame-method-fullrun-20260627/budgerigar-green-yellow-footlock-set00-oneframe-62/frames/frame-60.png,docs/art-source/one-frame-method-fullrun-20260627/budgerigar-green-yellow-footlock-set00-oneframe-62/qa/frame-60-attempt-03-qa.json,0,560,1607,"[6, 14, 90, 58]",candidate,retry after attempt-02 pale face/wing; strong color lock
60,reaction_recover,right-facing side,recover stand; solid yellow face; black scalloped wing; attached pink feet visible,04,/Users/kyota/.codex/generated_images/019f0767-666c-7573-a2a5-036c42e7c274/ig_02a3fdf09bb3b4f2016a3fbc18322881918960afdaacf5d025.png,docs/art-source/one-frame-method-fullrun-20260627/budgerigar-green-yellow-footlock-set00-oneframe-62/prompts/frame-60-attempt-04.txt,docs/art-source/one-frame-method-fullrun-20260627/budgerigar-green-yellow-footlock-set00-oneframe-62/raw/frame-60-attempt-04-raw.png,docs/art-source/one-frame-method-fullrun-20260627/budgerigar-green-yellow-footlock-set00-oneframe-62/alpha/frame-60-attempt-04-alpha.png,docs/art-source/one-frame-method-fullrun-20260627/budgerigar-green-yellow-footlock-set00-oneframe-62/frames/frame-60.png,docs/art-source/one-frame-method-fullrun-20260627/budgerigar-green-yellow-footlock-set00-oneframe-62/qa/frame-60-attempt-04-qa.json,0,494,1610,"[6, 14, 90, 58]",candidate,retry after repeated pale face/wing drift; no white face mask color lock
60,reaction_recover,right-facing side,rescue recover stand; smooth yellow face; attached pink feet visible,05,/Users/kyota/.codex/generated_images/019f08fc-7e44-7a83-a8a2-fea581faa72d/ig_00b475afe59e9eff016a3fbebbb52481919705a85debc996f3.png,docs/art-source/one-frame-method-fullrun-20260627/budgerigar-green-yellow-footlock-set00-oneframe-62/prompts/frame-60-attempt-05.txt,docs/art-source/one-frame-method-fullrun-20260627/budgerigar-green-yellow-footlock-set00-oneframe-62/raw/frame-60-attempt-05-raw.png,docs/art-source/one-frame-method-fullrun-20260627/budgerigar-green-yellow-footlock-set00-oneframe-62/alpha/frame-60-attempt-05-alpha.png,docs/art-source/one-frame-method-fullrun-20260627/budgerigar-green-yellow-footlock-set00-oneframe-62/frames/frame-60.png,docs/art-source/one-frame-method-fullrun-20260627/budgerigar-green-yellow-footlock-set00-oneframe-62/qa/frame-60-attempt-05-qa.json,0,551,1631,"[6, 13, 90, 58]",candidate,rescue ImageGen attempt; simple low-detail prompt; verify against 59/61 before accepting
